"","ringfinal","SiteID","23","62","24","121","52","42","21","53","28","152","61","171","122","195","59","36","141","37","181","68","123","142","124","205","31","49","12","43","57","1","206","66","69","32","207","41","190","44","131","111","6","34"
"1","4000","2011_2","0.262967741472556","0.0412924119161837","0.513515802593491","0.00959031117109477","0.00360523854723634","0.117954175073238","0.0120862557123985","0.0157600184895812","0","0.00173187475803502","0.0180376712137992","0.00160740362401888","0.00185109542836778",NA,NA,NA,NA,NA,NA,NA,NA,NA,NA,NA,NA,NA,NA,NA,NA,NA,NA,NA,NA,NA,NA,NA,NA,NA,NA,NA,NA,NA
"2","3500","2011_2","0.235044621314014","0.0313247484810274","0.482279512625367","0.00685767754340717","0.00548290569824051","0.162143422013195","0.0162024482740699","0.012572416277635","0.000923435385006515","0","0.0394854564273055","0.000878895864799987","0.00680446009593223",NA,NA,NA,NA,NA,NA,NA,NA,NA,NA,NA,NA,NA,NA,NA,NA,NA,NA,NA,NA,NA,NA,NA,NA,NA,NA,NA,NA,NA
"3","3000","2011_2","0.3122841095793","0.0362211906539917","0.373076449820589","0.0268080729301238","0.00388924039268728","0.156925653645363","0.0210187021467147","0.0119319398072455","0.00289983101764894","0","0.040100278460991","0.00483322255173186","0.0100113089936136",NA,NA,NA,NA,NA,NA,NA,NA,NA,NA,NA,NA,NA,NA,NA,NA,NA,NA,NA,NA,NA,NA,NA,NA,NA,NA,NA,NA,NA
"4","2500","2011_2","0.30321856719364","0.0817126848694385","0.373278772043381","0.0425253057084682","0.00403757354850849","0.106485393407919","0.0242412496342933","0.0166874632105829","0","0","0.0451633245468843","0.000259054743960747","0.00239061109292438",NA,NA,NA,NA,NA,NA,NA,NA,NA,NA,NA,NA,NA,NA,NA,NA,NA,NA,NA,NA,NA,NA,NA,NA,NA,NA,NA,NA,NA
"5","2000","2011_2","0.256757657777658","0.0441815709978674","0.404964127762287","0.0309170431316199","0.00320287946272639","0.0579717447440875","0.0738254754899027","0.0325814109833078","0","0.00307364283381068","0.0762872277981123","0.00307364283381068","0.0131635761848096",NA,NA,NA,NA,NA,NA,NA,NA,NA,NA,NA,NA,NA,NA,NA,NA,NA,NA,NA,NA,NA,NA,NA,NA,NA,NA,NA,NA,NA
"6","1500","2011_2","0.306683761957466","0.017812330663822","0.461261917655792","0.00805411145820016","0.0096629759517517","0.0071677010158957","0.106546731535477","0.0133673986010296","0","0","0.0663565779825969","0","0.00308649317796872",NA,NA,NA,NA,NA,NA,NA,NA,NA,NA,NA,NA,NA,NA,NA,NA,NA,NA,NA,NA,NA,NA,NA,NA,NA,NA,NA,NA,NA
"7","1000","2011_2","0.298272664395259","0.0536322721850023","0.402815927071715","0.0215186638139548","0.0219753513027728","0","0.0987320293096512","0.00717183327950609","0","0.0071718332785912","0.0887094253635476","0","0",NA,NA,NA,NA,NA,NA,NA,NA,NA,NA,NA,NA,NA,NA,NA,NA,NA,NA,NA,NA,NA,NA,NA,NA,NA,NA,NA,NA,NA
"8","500","2011_2","0.461750961761725","0.0694921237327356","0.278950509501232","0.0430215077361809","0.0175769041533615","0","0.0113459687746775","0","0","0","0.117862024340088","0","0",NA,NA,NA,NA,NA,NA,NA,NA,NA,NA,NA,NA,NA,NA,NA,NA,NA,NA,NA,NA,NA,NA,NA,NA,NA,NA,NA,NA,NA
"9","4000","2011_3","0.246232192408734","0","0.503230156458641","0.0161676626800425",NA,NA,NA,NA,NA,"0","0.234369988452583",NA,NA,"0",NA,NA,NA,NA,NA,NA,NA,NA,NA,NA,NA,NA,NA,NA,NA,NA,NA,NA,NA,NA,NA,NA,NA,NA,NA,NA,NA,NA
"10","3500","2011_3","0.265251185340643","0","0.465890608550015","0.00665685888902583",NA,NA,NA,NA,NA,"0","0.262201347220316",NA,NA,"0",NA,NA,NA,NA,NA,NA,NA,NA,NA,NA,NA,NA,NA,NA,NA,NA,NA,NA,NA,NA,NA,NA,NA,NA,NA,NA,NA,NA
"11","3000","2011_3","0.255978008551925","0.00149924243717411","0.465262134522034","0.00750487534151073",NA,NA,NA,NA,NA,"0.00398351192869478","0.265772227218662",NA,NA,"0",NA,NA,NA,NA,NA,NA,NA,NA,NA,NA,NA,NA,NA,NA,NA,NA,NA,NA,NA,NA,NA,NA,NA,NA,NA,NA,NA,NA
"12","2500","2011_3","0.231111847104969","0.0108905946916909","0.452969569835173","0.0148287624313355",NA,NA,NA,NA,NA,"0.0142539182650181","0.275945307671814",NA,NA,"0",NA,NA,NA,NA,NA,NA,NA,NA,NA,NA,NA,NA,NA,NA,NA,NA,NA,NA,NA,NA,NA,NA,NA,NA,NA,NA,NA,NA
"13","2000","2011_3","0.38698942755436","0.00554086936082405","0.298435813344552","0.0318630842724987",NA,NA,NA,NA,NA,"0.00614656770047818","0.264888498143947",NA,NA,"0.00613573962334016",NA,NA,NA,NA,NA,NA,NA,NA,NA,NA,NA,NA,NA,NA,NA,NA,NA,NA,NA,NA,NA,NA,NA,NA,NA,NA,NA,NA
"14","1500","2011_3","0.768352282127718","0.0123673529866038","0.0663697563393436","0.0153058478093012",NA,NA,NA,NA,NA,"0","0.137589601430565",NA,NA,"0.0000151593064684933",NA,NA,NA,NA,NA,NA,NA,NA,NA,NA,NA,NA,NA,NA,NA,NA,NA,NA,NA,NA,NA,NA,NA,NA,NA,NA,NA,NA
"15","1000","2011_3","0.91605498398066","0","0.0821783765310309","0",NA,NA,NA,NA,NA,"0","0.00176663948830869",NA,NA,"0",NA,NA,NA,NA,NA,NA,NA,NA,NA,NA,NA,NA,NA,NA,NA,NA,NA,NA,NA,NA,NA,NA,NA,NA,NA,NA,NA,NA
"16","500","2011_3","0.990096537462956","0","0.00990346253704391","0",NA,NA,NA,NA,NA,"0","0",NA,NA,"0",NA,NA,NA,NA,NA,NA,NA,NA,NA,NA,NA,NA,NA,NA,NA,NA,NA,NA,NA,NA,NA,NA,NA,NA,NA,NA,NA,NA
"17","4000","2011_7","0.0106126150171229","0.419831820789287","0.508430615292241","0.0124807079573943",NA,NA,NA,NA,NA,"0.0457742493429931","0.00286999160096269","0","0",NA,NA,NA,NA,NA,NA,NA,NA,NA,NA,NA,NA,NA,NA,NA,NA,NA,NA,NA,NA,NA,NA,NA,NA,NA,NA,NA,NA,NA
"18","3500","2011_7","0.0153461825421559","0.449798631956276","0.484712608322528","0.0180468334566691",NA,NA,NA,NA,NA,"0.0319310537079019","0.000164690014469953","0","0",NA,NA,NA,NA,NA,NA,NA,NA,NA,NA,NA,NA,NA,NA,NA,NA,NA,NA,NA,NA,NA,NA,NA,NA,NA,NA,NA,NA,NA
"19","3000","2011_7","0.0321319268510177","0.45456513476054","0.473572056843796","0.0131052583720646",NA,NA,NA,NA,NA,"0.0266256231725825","0","0","0",NA,NA,NA,NA,NA,NA,NA,NA,NA,NA,NA,NA,NA,NA,NA,NA,NA,NA,NA,NA,NA,NA,NA,NA,NA,NA,NA,NA,NA
"20","2500","2011_7","0.0218164884857306","0.477261195197131","0.486873834299514","0.00357234733177017",NA,NA,NA,NA,NA,"0.0104761346858542","0","0","0",NA,NA,NA,NA,NA,NA,NA,NA,NA,NA,NA,NA,NA,NA,NA,NA,NA,NA,NA,NA,NA,NA,NA,NA,NA,NA,NA,NA,NA
"21","2000","2011_7","0.024991386640387","0.463526728068915","0.478744378406235","0.0142250627121217",NA,NA,NA,NA,NA,"0.0174910343065228","0","0.00102140986581834","0",NA,NA,NA,NA,NA,NA,NA,NA,NA,NA,NA,NA,NA,NA,NA,NA,NA,NA,NA,NA,NA,NA,NA,NA,NA,NA,NA,NA,NA
"22","1500","2011_7","0.0192462360883557","0.426135676945801","0.472153390169931","0.0172060613217909",NA,NA,NA,NA,NA,"0.0580855786259135","0","0.00717305684820824","0",NA,NA,NA,NA,NA,NA,NA,NA,NA,NA,NA,NA,NA,NA,NA,NA,NA,NA,NA,NA,NA,NA,NA,NA,NA,NA,NA,NA,NA
"23","1000","2011_7","0.0396132539663779","0.393404041874211","0.459850271703211","0.0573535377356208",NA,NA,NA,NA,NA,"0.0354405102866738","0","0","0.0143383844339052",NA,NA,NA,NA,NA,NA,NA,NA,NA,NA,NA,NA,NA,NA,NA,NA,NA,NA,NA,NA,NA,NA,NA,NA,NA,NA,NA,NA,NA
"24","500","2011_7","0.043015153310508","0.332669188662502","0.455259869235899","0",NA,NA,NA,NA,NA,"0.16905578879109","0","0","0",NA,NA,NA,NA,NA,NA,NA,NA,NA,NA,NA,NA,NA,NA,NA,NA,NA,NA,NA,NA,NA,NA,NA,NA,NA,NA,NA,NA,NA
"25","4000","2011_8","0.275034486045613","0.0322483000176693","0.400112216066685","0.0091751092867419","0.0717795379586871","0.195997237555807","0.00431173083934665","0.00547415548922783",NA,"0","0.00290170735927176",NA,NA,NA,"0.00296551938095017","0","0",NA,NA,NA,NA,NA,NA,NA,NA,NA,NA,NA,NA,NA,NA,NA,NA,NA,NA,NA,NA,NA,NA,NA,NA,NA
"26","3500","2011_8","0.310412998778349","0.0110522296802317","0.384944076211498","0.0175483274708307","0.0340184561491422","0.21949697399582","0.00331013635353013","0.0161167853070765",NA,"0","0.0000712274870745979",NA,NA,NA,"0","0.00302878856644737","0",NA,NA,NA,NA,NA,NA,NA,NA,NA,NA,NA,NA,NA,NA,NA,NA,NA,NA,NA,NA,NA,NA,NA,NA,NA
"27","3000","2011_8","0.364928999011265","0.0332843424489025","0.31766786103933","0.0244362591073121","0.0318819866199253","0.227419495563203","0","0.0000485542803509082",NA,"0","0",NA,NA,NA,"0","0.000332501929710399","0",NA,NA,NA,NA,NA,NA,NA,NA,NA,NA,NA,NA,NA,NA,NA,NA,NA,NA,NA,NA,NA,NA,NA,NA,NA
"28","2500","2011_8","0.385906502122679","0.0288499625144805","0.26866941213573","0.0333766760595358","0.02624939520747","0.251668058981254","0.00226793762948301","0",NA,"0","0.00301205534936887",NA,NA,NA,"0","0","0",NA,NA,NA,NA,NA,NA,NA,NA,NA,NA,NA,NA,NA,NA,NA,NA,NA,NA,NA,NA,NA,NA,NA,NA,NA
"29","2000","2011_8","0.36528992498187","0.0354709004421314","0.244836200414136","0.0654119887657809","0.040484071784235","0.222248453543934","0.0146807978487244","0",NA,"0","0.00227475349367954",NA,NA,NA,"0","0","0.00930290872550843",NA,NA,NA,NA,NA,NA,NA,NA,NA,NA,NA,NA,NA,NA,NA,NA,NA,NA,NA,NA,NA,NA,NA,NA,NA
"30","1500","2011_8","0.305200251361319","0.046900809093788","0.172981853666505","0.00634201833228528","0.135417122804332","0.28964928044141","0.0285450095120392","0",NA,"0.00856147880173479","0",NA,NA,NA,"0","0","0.00640217598658695",NA,NA,NA,NA,NA,NA,NA,NA,NA,NA,NA,NA,NA,NA,NA,NA,NA,NA,NA,NA,NA,NA,NA,NA,NA
"31","1000","2011_8","0.345707187238358","0.0143439241988227","0.214647946337317","0","0.17390698213905","0.175977474596023","0.035999151967733","0.0286878483976455",NA,"0.0000747928622985972","0",NA,NA,NA,"0","0","0.0106546922627515",NA,NA,NA,NA,NA,NA,NA,NA,NA,NA,NA,NA,NA,NA,NA,NA,NA,NA,NA,NA,NA,NA,NA,NA,NA
"32","500","2011_8","0.409115505132931","0","0.291255978442761","0","0.16773903231618","0.118503057804897","0.0133864263032318","0",NA,"0","0",NA,NA,NA,"0","0","0",NA,NA,NA,NA,NA,NA,NA,NA,NA,NA,NA,NA,NA,NA,NA,NA,NA,NA,NA,NA,NA,NA,NA,NA,NA
"33","4000","2011_10","0.0106197277673636",NA,"0.5244203661166","0.0291257188982751",NA,NA,"0.00210960843374248","0.207961513741608",NA,"0.0185491294405399","0.113152684656939","0.0117978795560812","0.00894516304327047","0.00487710346773053","0","0.0401610404567086",NA,"0.00863453311613246","0.0168521691883756","0","0.00279336211663189",NA,NA,NA,NA,NA,NA,NA,NA,NA,NA,NA,NA,NA,NA,NA,NA,NA,NA,NA,NA,NA
"34","3500","2011_10","0.00430989521519698",NA,"0.483764076241871","0.0400613435921008",NA,NA,"0","0.112541786404816",NA,"0.0354711823726862","0.177832188167555","0.0232370336204875","0","0","0.00330923267893017","0.0535014435548944",NA,"0.00330923267893017","0.062418958167115","0.0000345791024076809","0.000209048203008943",NA,NA,NA,NA,NA,NA,NA,NA,NA,NA,NA,NA,NA,NA,NA,NA,NA,NA,NA,NA,NA
"35","3000","2011_10","0.0108259347539433",NA,"0.596069230870869","0.0593776145532183",NA,NA,"0","0.0397271916668944",NA,"0.0747008277293785","0.047990927025138","0.0392482195453476","0","0","0","0.0194097568717175",NA,"0","0.104869340500144","0.00778095648334857","0",NA,NA,NA,NA,NA,NA,NA,NA,NA,NA,NA,NA,NA,NA,NA,NA,NA,NA,NA,NA,NA
"36","2500","2011_10","0.0000472338419077844",NA,"0.942622811340338","0.0284455170418513",NA,NA,"0","0",NA,"0.00328293560436736","0.00505588831403239","0.00471220678586149","0.0143400082743527","0","0","0.000628480241323581",NA,"0","0.000864918555965069","0","0",NA,NA,NA,NA,NA,NA,NA,NA,NA,NA,NA,NA,NA,NA,NA,NA,NA,NA,NA,NA,NA
"37","2000","2011_10","0",NA,"0.941123111943364","0.0482682888101137",NA,NA,"0","0",NA,"0.00204491732970478","0","0","0.00856368191681773","0","0","0",NA,"0","0","0","0",NA,NA,NA,NA,NA,NA,NA,NA,NA,NA,NA,NA,NA,NA,NA,NA,NA,NA,NA,NA,NA
"38","1500","2011_10","0",NA,"0.943043518073569","0.0517376266804094",NA,NA,"0","0",NA,"0","0","0","0.00521885524602111","0","0","0",NA,"0","0","0","0",NA,NA,NA,NA,NA,NA,NA,NA,NA,NA,NA,NA,NA,NA,NA,NA,NA,NA,NA,NA,NA
"39","1000","2011_10","0",NA,"1","0",NA,NA,"0","0",NA,"0","0","0","0","0","0","0",NA,"0","0","0","0",NA,NA,NA,NA,NA,NA,NA,NA,NA,NA,NA,NA,NA,NA,NA,NA,NA,NA,NA,NA,NA
"40","500","2011_10","0",NA,"1","0",NA,NA,"0","0",NA,"0","0","0","0","0","0","0",NA,"0","0","0","0",NA,NA,NA,NA,NA,NA,NA,NA,NA,NA,NA,NA,NA,NA,NA,NA,NA,NA,NA,NA,NA
"41","4000","2011_12","0.0491155338191138","0.0930443925623719","0.340357537091776","0.0242402534625731","0.104165151293439","0.156229076457126","0.00191315345423312","0.0379628027947681",NA,"0.0256818025318021","0.00240476870134363",NA,NA,NA,"0.00117672826183177",NA,"0.00196523611534919",NA,NA,NA,NA,"0.161743563454271",NA,NA,NA,NA,NA,NA,NA,NA,NA,NA,NA,NA,NA,NA,NA,NA,NA,NA,NA,NA
"42","3500","2011_12","0.0169880976825549","0.0585375832858619","0.39218079058006","0.0119831919464014","0.187798276638594","0.13968162625126","0","0.0137485008547006",NA,"0.0143600833724796","0.0109200577450391",NA,NA,NA,"0.000918314578338245",NA,"0",NA,NA,NA,NA,"0.15288347706471",NA,NA,NA,NA,NA,NA,NA,NA,NA,NA,NA,NA,NA,NA,NA,NA,NA,NA,NA,NA
"43","3000","2011_12","0.00559740966696962","0.0711884847266769","0.441225732027946","0.0200549839775404","0.219582560347309","0.112419728066671","0","0.0132856679748599",NA,"0.00715551175893886","0.0144473433395897",NA,NA,NA,"0",NA,"0.00265042703048453",NA,NA,NA,NA,"0.0923921510830145",NA,NA,NA,NA,NA,NA,NA,NA,NA,NA,NA,NA,NA,NA,NA,NA,NA,NA,NA,NA
"44","2500","2011_12","0.00553659957521175","0.0769687887895164","0.378083671928164","0.0274373897838631","0.228073543476845","0.138869725209997","0.000320425023197019","0.0160134121477286",NA,"0.0119123894594466","0.0336508794288751",NA,NA,NA,"0",NA,"0",NA,NA,NA,NA,"0.0831331751771556",NA,NA,NA,NA,NA,NA,NA,NA,NA,NA,NA,NA,NA,NA,NA,NA,NA,NA,NA,NA
"45","2000","2011_12","0.00538973862041966","0.0779089265556097","0.353279710698962","0.0197685889272334","0.233364971609227","0.209490410431266","0.00716166255030145","0",NA,"0.00354885075014293","0.0145328492029944",NA,NA,NA,"0",NA,"0",NA,NA,NA,NA,"0.0755542906538433",NA,NA,NA,NA,NA,NA,NA,NA,NA,NA,NA,NA,NA,NA,NA,NA,NA,NA,NA,NA
"46","1500","2011_12","0.048248786844784","0.0518751884788835","0.347884542320198","0.0339904262612822","0.176900524236518","0.32544601336262","0.000408077943620686","0.00879092404586175",NA,"0.000958492115620915","0",NA,NA,NA,"0",NA,"0",NA,NA,NA,NA,"0.00549702439061125",NA,NA,NA,NA,NA,NA,NA,NA,NA,NA,NA,NA,NA,NA,NA,NA,NA,NA,NA,NA
"47","1000","2011_12","0.25629187904177","0.0219120454790165","0.250170531642322","0.0257252418973103","0.186487506209069","0.243475789866881","0","0.0159370058636323",NA,"0","0",NA,NA,NA,"0",NA,"0",NA,NA,NA,NA,"0",NA,NA,NA,NA,NA,NA,NA,NA,NA,NA,NA,NA,NA,NA,NA,NA,NA,NA,NA,NA
"48","500","2011_12","0.310100344128089","0","0.145673031711867","0.116776405855983","0.20824019667208","0.219210021631982","0","0",NA,"0","0",NA,NA,NA,"0",NA,"0",NA,NA,NA,NA,"0",NA,NA,NA,NA,NA,NA,NA,NA,NA,NA,NA,NA,NA,NA,NA,NA,NA,NA,NA,NA
"49","4000","2011_14","0.00786231855768261","0.00543429052509185","0.584355724034665","0.0212571982227218",NA,NA,NA,NA,NA,"0.0698193734230763","0.0106951927068208","0.0271160128305076","0",NA,"0.250679027728888","0",NA,NA,NA,NA,"0","0.0227808619705459",NA,NA,NA,NA,NA,NA,NA,NA,NA,NA,NA,NA,NA,NA,NA,NA,NA,NA,NA,NA
"50","3500","2011_14","0.0111630598532025","0.00933220907256813","0.61251914548493","0.0291048248871462",NA,NA,NA,NA,NA,"0.00856291076534319","0.00144670631161265","0.0116813657601469","0",NA,"0.289126751373807","0",NA,NA,NA,NA,"0","0.0270630264912433",NA,NA,NA,NA,NA,NA,NA,NA,NA,NA,NA,NA,NA,NA,NA,NA,NA,NA,NA,NA
"51","3000","2011_14","0.0108787114037135","0.00782527040738681","0.631881571198973","0.0213064753206887",NA,NA,NA,NA,NA,"0.0235017116506326","0","0.0191092674866301","0",NA,"0.277955953317466","0",NA,NA,NA,NA,"0","0.00754103921450912",NA,NA,NA,NA,NA,NA,NA,NA,NA,NA,NA,NA,NA,NA,NA,NA,NA,NA,NA,NA
"52","2500","2011_14","0.0147189352414839","0.00203234182749202","0.648482066967526","0.0328194442493357",NA,NA,NA,NA,NA,"0.0111298936651089","0","0.0275760890622281","0",NA,"0.252072214408943","0",NA,NA,NA,NA,"0","0.011169014577882",NA,NA,NA,NA,NA,NA,NA,NA,NA,NA,NA,NA,NA,NA,NA,NA,NA,NA,NA,NA
"53","2000","2011_14","0.000997058382653985","0.0199323089578738","0.690488729454202","0.0274383058475728",NA,NA,NA,NA,NA,"0.00663744797527117","0","0.0204188999193841","0",NA,"0.234087249463042","0",NA,NA,NA,NA,"0","0",NA,NA,NA,NA,NA,NA,NA,NA,NA,NA,NA,NA,NA,NA,NA,NA,NA,NA,NA,NA
"54","1500","2011_14","0","0.020083336855795","0.664187084038193","0.0738353963034001",NA,NA,NA,NA,NA,"0","0","0.0378538710482397","0.0084413962771379",NA,"0.181322350577405","0.00860779744800649",NA,NA,NA,NA,"0.00566876745182352","0",NA,NA,NA,NA,NA,NA,NA,NA,NA,NA,NA,NA,NA,NA,NA,NA,NA,NA,NA,NA
"55","1000","2011_14","0","0","0.854950419212232","0.105080216700424",NA,NA,NA,NA,NA,"0","0","0.00864186031079616","0.000277335286391719",NA,"0.0118054560870984","0.0143463290804959",NA,NA,NA,NA,"0.00489838332256191","0",NA,NA,NA,NA,NA,NA,NA,NA,NA,NA,NA,NA,NA,NA,NA,NA,NA,NA,NA,NA
"56","500","2011_14","0","0","0.913922025521613","0.0860779744783871",NA,NA,NA,NA,NA,"0","0","0","0",NA,"0","0",NA,NA,NA,NA,"0","0",NA,NA,NA,NA,NA,NA,NA,NA,NA,NA,NA,NA,NA,NA,NA,NA,NA,NA,NA,NA
"57","4000","2011_16","0","0.0872837829046617","0.290149488414145","0.0466856386882189",NA,NA,"0",NA,NA,"0.266280381100617","0.191639478784496","0.111254517814076","0",NA,"0.0022670444029106","0",NA,"0.002267044402766",NA,NA,"0.00217262348810951",NA,NA,NA,NA,NA,NA,NA,NA,NA,NA,NA,NA,NA,NA,NA,NA,NA,NA,NA,NA,NA
"58","3500","2011_16","0","0.107028262249113","0.303583489205627","0.0487616329425006",NA,NA,"0",NA,NA,"0.29088735703582","0.18489560421221","0.0621841084282277","0",NA,"0","0.0000306250083196689",NA,"0",NA,NA,"0.00262892091818128",NA,NA,NA,NA,NA,NA,NA,NA,NA,NA,NA,NA,NA,NA,NA,NA,NA,NA,NA,NA,NA
"59","3000","2011_16","0.00776911783851623","0.0634483069808588","0.359027749095259","0.0180744349229725",NA,NA,"0",NA,NA,"0.304275986855792","0.179604236604009","0.0620444161617476","0.00275504393805727",NA,"0.000171619168968517","0.00282908843381907",NA,"0",NA,NA,"0",NA,NA,NA,NA,NA,NA,NA,NA,NA,NA,NA,NA,NA,NA,NA,NA,NA,NA,NA,NA,NA
"60","2500","2011_16","0.0382203245708339","0.0475633924595609","0.593072787586778","0.0135049123742103",NA,NA,"0.0045760352617369",NA,NA,"0.132489400731771","0.133714670886058","0.0311347997140598","0",NA,"0.00282674564708892","0.00289693076790201",NA,"0",NA,NA,"0",NA,NA,NA,NA,NA,NA,NA,NA,NA,NA,NA,NA,NA,NA,NA,NA,NA,NA,NA,NA,NA
"61","2000","2011_16","0.173562624076173","0.0278495872372012","0.417694578175141","0.0417372928390767",NA,NA,"0.00911065076780452",NA,NA,"0.129387167380728","0.174638707663924","0.0260193918599518","0",NA,"0","0",NA,"0",NA,NA,"0",NA,NA,NA,NA,NA,NA,NA,NA,NA,NA,NA,NA,NA,NA,NA,NA,NA,NA,NA,NA,NA
"62","1500","2011_16","0.137933375027197","0.026721861726702","0.503876430450236","0.0584160085311113",NA,NA,"0",NA,NA,"0.0708754974523906","0.143511940760352","0.058664886052011","0",NA,"0","0",NA,"0",NA,NA,"0",NA,NA,NA,NA,NA,NA,NA,NA,NA,NA,NA,NA,NA,NA,NA,NA,NA,NA,NA,NA,NA
"63","1000","2011_16","0.0321556202990644","0.028688383654874","0.741988578680984","0.0683487111441735",NA,NA,"0",NA,NA,"0.000176858012181758","0.0829542511903209","0.0456875970184011","0",NA,"0","0",NA,"0",NA,NA,"0",NA,NA,NA,NA,NA,NA,NA,NA,NA,NA,NA,NA,NA,NA,NA,NA,NA,NA,NA,NA,NA
"64","500","2011_16","0","0","0.767261523067848","0.232738476932152",NA,NA,"0",NA,NA,"0","0","0","0",NA,"0","0",NA,"0",NA,NA,"0",NA,NA,NA,NA,NA,NA,NA,NA,NA,NA,NA,NA,NA,NA,NA,NA,NA,NA,NA,NA,NA
"65","4000","2011_18","0.0109956403744175","0.192015488977722","0.121795507465688","0.146870147235486","0.00684751742195909","0.0385517554994339","0.0494694878686501","0.00302281571114612","0.0396701373908493","0.0277435156785329","0.00881947055397259",NA,"0.144567505376601",NA,"0.0208113816819924","0.0423248739760805","0","0.0378066989236406",NA,NA,"0.0964953290845854","0.00302281571114612","0.0091699110680956","0",NA,NA,NA,NA,NA,NA,NA,NA,NA,NA,NA,NA,NA,NA,NA,NA,NA,NA
"66","3500","2011_18","0.012479778226091","0.169942586441965","0.119674155373029","0.182691538502526","0.0158242037898655","0.0479730078480624","0.0696114202300422","0.00274398155395185","0.0403936536227343","0.0241549792203349","0.00201812075086353",NA,"0.122616827024012",NA,"0.011256340600474","0.0362842323637405","0","0.0314549023151992",NA,NA,"0.0986388769683276","0.00213921783447821","0.010031702646519","0.0000704746877837649",NA,NA,NA,NA,NA,NA,NA,NA,NA,NA,NA,NA,NA,NA,NA,NA,NA,NA
"67","3000","2011_18","0.00622891675860788","0.140926930440608","0.169052023926372","0.140182301918467","0.00764469715463416","0.0752702868030368","0.0193480191249102","0.00849302174174285","0.0531149148856905","0.0476638915662162","0.0057610999991873",NA,"0.134001793551383",NA,"0.010464674980329","0.0364644502534508","0","0.0494665249981522",NA,NA,"0.0615606901752406","0.0130176328466485","0.0175094474654184","0.00382868140990413",NA,NA,NA,NA,NA,NA,NA,NA,NA,NA,NA,NA,NA,NA,NA,NA,NA,NA
"68","2500","2011_18","0","0.146965239833894","0.139455541746159","0.164538135003348","0.0120995994327315","0.156736718993727","0.0163458336905078","0","0.00708518558707227","0.025981697660871","0",NA,"0.141942614744756",NA,"0.00160199320494185","0.0346296129469538","0.00478129627270142","0.0589811154302657",NA,NA,"0.0786683698932141","0.0101870455588565","0","0",NA,NA,NA,NA,NA,NA,NA,NA,NA,NA,NA,NA,NA,NA,NA,NA,NA,NA
"69","2000","2011_18","0.00614738092245432","0.155209146537546","0.137458770881239","0.159519624192313","0.00288551492424302","0.221955512024657","0.00147692498904238","0.00614738092245432","0","0.0216754484887588","0",NA,"0.149877648085214",NA,"0.0123741467468111","0.0110834495074972","0.00614738092245432","0.0195143592821887",NA,NA,"0.0768750075098614","0.0116523040632648","0","0",NA,NA,NA,NA,NA,NA,NA,NA,NA,NA,NA,NA,NA,NA,NA,NA,NA,NA
"70","1500","2011_18","0","0.13751647738166","0.374393422800955","0.0881846368102291","0","0.16620411599124","0","0","0","0.0632794129465366","0.0393073069200106",NA,"0.0381090358847153",NA,"0.0142179399481504","0.00784822185016567","0","0.00860633328963785",NA,NA,"0.0230852554129509","0.039247840763748","0","0",NA,NA,NA,NA,NA,NA,NA,NA,NA,NA,NA,NA,NA,NA,NA,NA,NA,NA
"71","1000","2011_18","0","0.056756533167128","0.551547873904839","0.0980277630118529","0","0.0668738374160594","0","0","0","0.0414610259911701","0.0205511547214583",NA,"0.0146794499688513",NA,"0","0.0156074078870138","0","0",NA,NA,"0.0143438888208088","0.120151065110819","0","0",NA,NA,NA,NA,NA,NA,NA,NA,NA,NA,NA,NA,NA,NA,NA,NA,NA,NA
"72","500","2011_18","0","0.0860633329065534","0.470958053261867","0.137174032095076","0","0.133595595667769","0","0","0","0.00993504823901381","0",NA,"0.116523006581603",NA,"0","0","0","0",NA,NA,"0","0.045750931248118","0","0",NA,NA,NA,NA,NA,NA,NA,NA,NA,NA,NA,NA,NA,NA,NA,NA,NA,NA
"73","4000","2011_19","0.0454090155130979","0.0239675553311554","0.262135101774332","0.00300661151504192",NA,NA,NA,"0",NA,"0.00375118255679092","0.661730533309582",NA,"0",NA,NA,"0",NA,NA,NA,NA,NA,NA,"0",NA,"0",NA,NA,NA,NA,NA,NA,NA,NA,NA,NA,NA,NA,NA,NA,NA,NA,NA
"74","3500","2011_19","0.0589772262589563","0.0395254756640769","0.346029303848186","0.000420835342461921",NA,NA,NA,"0",NA,"0.00579939064337316","0.549247768242945",NA,"0",NA,NA,"0",NA,NA,NA,NA,NA,NA,"0",NA,"0",NA,NA,NA,NA,NA,NA,NA,NA,NA,NA,NA,NA,NA,NA,NA,NA,NA
"75","3000","2011_19","0.0751649426328756","0.052631892859057","0.474098930468399","0.00449639601085862",NA,NA,NA,"0.000806588896321365",NA,"0.0186532810795619","0.370549725840679",NA,"0",NA,NA,"0",NA,NA,NA,NA,NA,NA,"0",NA,"0.00359824221224689",NA,NA,NA,NA,NA,NA,NA,NA,NA,NA,NA,NA,NA,NA,NA,NA,NA
"76","2500","2011_19","0.106896267317815","0.0638893364280648","0.556159223865445","0.00805817071833492",NA,NA,NA,"0.00857489806926886",NA,"0.0106640966521679","0.245375494070968",NA,"0",NA,NA,"0",NA,NA,NA,NA,NA,NA,"0",NA,"0.000382512877935259",NA,NA,NA,NA,NA,NA,NA,NA,NA,NA,NA,NA,NA,NA,NA,NA,NA
"77","2000","2011_19","0.119925646786918","0.0232430855760926","0.584370001580162","0.00637690984697035",NA,NA,NA,"0",NA,"0.0042030813878433","0.245522784410206",NA,"0.00456023906809043",NA,NA,"0.0061461828912561",NA,NA,NA,NA,NA,NA,"0.00565206845246146",NA,"0",NA,NA,NA,NA,NA,NA,NA,NA,NA,NA,NA,NA,NA,NA,NA,NA,NA
"78","1500","2011_19","0.172395497693066","0.00920324813591137","0.560498187391934","0",NA,NA,NA,"0",NA,"0.00272034210459534","0.243665987057342",NA,"0.0108249774027456",NA,NA,"0",NA,NA,NA,NA,NA,NA,"0.000691760214405634",NA,"0",NA,NA,NA,NA,NA,NA,NA,NA,NA,NA,NA,NA,NA,NA,NA,NA,NA
"79","1000","2011_19","0.191457362107061","0","0.569544033103942","0.0143410934119285",NA,NA,NA,"0",NA,"0","0.224657511377069",NA,"0",NA,NA,"0",NA,NA,NA,NA,NA,NA,"0",NA,"0",NA,NA,NA,NA,NA,NA,NA,NA,NA,NA,NA,NA,NA,NA,NA,NA,NA
"80","500","2011_19","0.0396338591366295","0","0.806960468060699","0",NA,NA,NA,"0",NA,"0","0.153405672802672",NA,"0",NA,NA,"0",NA,NA,NA,NA,NA,NA,"0",NA,"0",NA,NA,NA,NA,NA,NA,NA,NA,NA,NA,NA,NA,NA,NA,NA,NA,NA
"81","4000","2011_20","0.0942334862474821","0.0468524794242272","0.0708610372055736","0.0491453020955707",NA,"0.003720228280107","0","0",NA,"0.176536167948515","0.0146722742867778","0.00298692272947622","0.0372681671231525",NA,"0.00267191646691533","0.0217084058469697",NA,"0",NA,"0.0178890766127519","0.0035307633599945",NA,"0.00300567199291222","0.107499073695532","0","0.00296750910363232","0.130415108960641","0.108707414492814","0","0.0880242437503409","0","0","0.00300567199291222","0","0.00528206240496504","0.00300567199291222","0.00601134398582444",NA,NA,NA,NA,NA
"82","3500","2011_20","0.15286001115464","0.0529109371732897","0.0908309041545067","0.0504691658994419",NA,"0.0323444568383324","0","0",NA,"0.110782102156847","0.00832314140506019","0.00332919587097248","0.0394896210347326",NA,"0.00594944784266021","0.0221061202828769",NA,"0.00274049713923059",NA,"0.0185906252157381","0.00273055175720846",NA,"0","0.0858141024690472","0","0.00328731355966841","0.0945342111680029","0.0788629354435696","0","0.136624772817333","0","0","0.00661711444300377","0","0.000802772173837318","0","0",NA,NA,NA,NA,NA
"83","3000","2011_20","0.319890756691022","0.0118349346844467","0.106262169496542","0.0419988456841877",NA,"0.059192428439029","0","0",NA,"0.0433985940739072","0.0174009135313158","0","0.0163794291753036",NA,"0.0122869026199964","0.0297126139051827",NA,"0.000671343733749444",NA,"0.0305608620771274","0",NA,"0","0.0396418422257289","0","0.00784533230555983","0.0635989296455981","0.0334373348470153","0.00150647900766632","0.148740067026069","0","0","0.00782022616027921","0.0039101130801396","0.00390988159013423","0","0",NA,NA,NA,NA,NA
"84","2500","2011_20","0.437932955259294","0.00975656316528823","0.102575635417787","0.0480437559779463",NA,"0.0263362447566456","0.00477902709781262","0.00477902709781262",NA,"0.0370462792766539","0.00972705964948977","0","0.0102403838390826",NA,"0.00819231449582135","0.0115932386002082",NA,"0",NA,"0.00237681765312902","0",NA,"0","0.0142389192158919","0","0","0.00246058742226364","0.0946220076160513","0.00293777497738388","0.160806554338702","0","0","0.00677554411313273","0","0.00477931002960246","0","0",NA,NA,NA,NA,NA
"85","2000","2011_20","0.444498956958565","0.0239901261588187","0.0649102237247735","0.077615160696177",NA,"0.00806283327168965","0","0",NA,"0.0116283818332372","0.00604186426764708","0","0.0413124417681472",NA,"0.0205546939408029","0.00613282915193596",NA,"0",NA,"0.0258465734430409","0.0185121364502614",NA,"0","0.010364284517296","0.00614446341178927","0","0","0.0832513055729352","0","0.13991206909114","0.00149967936656575","0","0.00972197637517784","0","0","0","0",NA,NA,NA,NA,NA
"86","1500","2011_20","0.339105481313651","0.0363304639991539","0.0956173030960355","0.147443565567072",NA,"0.00881700833118166","0","0",NA,"0.0905746470066136","0.0500316345007055","0.00491727174030686","0.0202611303724332",NA,"0","0.017220785517101",NA,"0.00860224877624465",NA,"0.0240305386135901","0.0410459370405205",NA,"0.00860224877624465","0.0335706336485034","0","0","0","0.0210320110844173","0","0.0290898954003447","0.00650269766339048","0.00860224877624465","0.00860224877624465","0","0","0","0",NA,NA,NA,NA,NA
"87","1000","2011_20","0.279899241175018","0.00761297834779811","0.29656336039582","0.0751752402737802",NA,"0","0","0",NA,"0.085840542429504","0.0431577746117384","0.00614162839331335","0.054850550213593",NA,"0.0143370812939365","0",NA,"0",NA,"0","0.0842994891080556",NA,"0.02455011287582","0.0275720008816225","0","0","0","0","0","0","0","0","0","0","0","0","0",NA,NA,NA,NA,NA
"88","500","2011_20","0.210272081414424","0.0430112438835181","0.448655557728143","0.0708310768604037",NA,"0","0","0",NA,"0.0667522004008356","0.00666684350921952","0","0.126994540486558",NA,"0","0",NA,"0",NA,"0","0.0144443065843625",NA,"0.0123721491325353","0","0","0","0","0","0","0","0","0","0","0","0","0","0",NA,NA,NA,NA,NA
"89","4000","2011_21","0.00658545238687645","0.0136545010216145","0.0783498098392174","0.0435914078297183",NA,"0.0100910492212137",NA,"0.00245663524273057","0.00270938991938682","0.0291593314944461","0.0245212586637116","0.00166103097317035","0.0223608527549026","0.00591331718854002","0.00135718480997437","0.166050939723678","0","0.0210696227742386",NA,"0.100653748812579","0.0075972022780652",NA,NA,"0",NA,"0.00196578661599536",NA,"0.103736745727065",NA,"0.324742424120237","0","0","0.0196077654145273",NA,"0.00600447901142099",NA,"0.00616006417669099",NA,NA,NA,NA,NA
"90","3500","2011_21","0.0272593293881041","0.00751567035060601","0.134102815681703","0.0161014939544308",NA,"0.00992426547816455",NA,"0.00975169900043132","0.000322683231364194","0.020545303173128","0.051888006125482","0","0.00962168356031514","0.000100448807030938","0.00842881934742352","0.158195708474935","0.00330808849272152","0",NA,"0.0913841932945116","0",NA,NA,"0.00300351451288791",NA,"0.00205173578071833",NA,"0.182932235331895",NA,"0.24070749137603","0.00330808849272152","0.00311794090986358","0.00998404343856137",NA,"0",NA,"0.00644474179697044",NA,NA,NA,NA,NA
"91","3000","2011_21","0.0244731930196583","0.0113765469693386","0.261744884832989","0.0133518551275508",NA,"0.0039095591282191",NA,"0.00409859161334486","0","0.00653353358822857","0","0","0.00614945189905422","0","0","0.134350185631923","0","0",NA,"0.0475962317033103","0",NA,NA,"0.000359951067367547",NA,"0.00148478047799563",NA,"0.229940029922274",NA,"0.242677807763786","0.0039095591282191","0.000224719870302526","0.0039095591282191",NA,"0.0039095591282191",NA,"0",NA,NA,NA,NA,NA
"92","2500","2011_21","0.0331269586846084","0.00228625939245808","0.298561085686515","0.00757281618265694",NA,"0",NA,"0.00454731034198161","0","0.00454318184263798","0","0","0.00477835004524504","0","0.00510934826685895","0.137909954732545","0","0",NA,"0.0290592922996853","0",NA,NA,"0",NA,"0",NA,"0.228403847805613",NA,"0.234987017743521","0","0.00911457697567381","0",NA,"0",NA,"0",NA,NA,NA,NA,NA
"93","2000","2011_21","0.0550979966150293","0.0160446501799868","0.429211200396617","0.00559134879929206",NA,"0",NA,"0.00000184997266793356","0","0.00614359291543524","0","0","0.0142324209446939","0","0.0286188222524756","0.10969643206063","0","0",NA,"0.0467509214676831","0",NA,NA,"0",NA,"0",NA,"0.169128415051343",NA,"0.114433653952032","0","0.00467697578363854","0.000371719608474688",NA,"0",NA,"0",NA,NA,NA,NA,NA
"94","1500","2011_21","0.0251701661397884","0","0.840061145480519","0.00937417184626009",NA,"0",NA,"0.00859844012099456","0","0","0.00860103008273549","0","0.0316807911709584","0","0.028146092703552","0.00728921063716394","0","0",NA,"0.0172679716104453","0",NA,NA,"0",NA,"0",NA,"0.0128572211904843",NA,"0.0000240507973005556","0","0.00284908558954341","0.00808062263025418",NA,"0",NA,"0",NA,NA,NA,NA,NA
"95","1000","2011_21","0","0","1","0",NA,"0",NA,"0","0","0","0","0","0","0","0","0","0","0",NA,"0","0",NA,NA,"0",NA,"0",NA,"0",NA,"0","0","0","0",NA,"0",NA,"0",NA,NA,NA,NA,NA
"96","500","2011_21","0","0","1","0",NA,"0",NA,"0","0","0","0","0","0","0","0","0","0","0",NA,"0","0",NA,NA,"0",NA,"0",NA,"0",NA,"0","0","0","0",NA,"0",NA,"0",NA,NA,NA,NA,NA
"97","4000","2011_22","0.00159638569027001",NA,"0.469728589907554","0.0287073794182393",NA,NA,NA,"0.00612255356241587",NA,"0.113922879578273","0.353633186522177",NA,NA,NA,NA,"0.0262890253210701",NA,NA,NA,NA,NA,NA,NA,NA,NA,NA,NA,NA,NA,NA,NA,NA,NA,NA,NA,NA,NA,NA,NA,NA,NA,NA
"98","3500","2011_22","0",NA,"0.491068459423273","0.0389067902927393",NA,NA,NA,"0.00651112443809017",NA,"0.0742414025045158","0.32188442407774",NA,NA,NA,NA,"0.0673877992636417",NA,NA,NA,NA,NA,NA,NA,NA,NA,NA,NA,NA,NA,NA,NA,NA,NA,NA,NA,NA,NA,NA,NA,NA,NA,NA
"99","3000","2011_22","0.00782082253104944",NA,"0.509063089705645","0.0400336348439264",NA,NA,NA,"0.0253239530895438",NA,"0.0633006392994605","0.273794955146117",NA,NA,NA,NA,"0.0806629053842578",NA,NA,NA,NA,NA,NA,NA,NA,NA,NA,NA,NA,NA,NA,NA,NA,NA,NA,NA,NA,NA,NA,NA,NA,NA,NA
"100","2500","2011_22","0.0114281633420533",NA,"0.615504595571064","0.0228401236309767",NA,NA,NA,"0.0411476923152136",NA,"0.0343991466009611","0.242028633702812",NA,NA,NA,NA,"0.03265164483692",NA,NA,NA,NA,NA,NA,NA,NA,NA,NA,NA,NA,NA,NA,NA,NA,NA,NA,NA,NA,NA,NA,NA,NA,NA,NA
"101","2000","2011_22","0.00988637508575169",NA,"0.720988102383382","0.0203364167279444",NA,NA,NA,"0.0117583447850449",NA,"0","0.236931405806326",NA,NA,NA,NA,"0.0000993552115509072",NA,NA,NA,NA,NA,NA,NA,NA,NA,NA,NA,NA,NA,NA,NA,NA,NA,NA,NA,NA,NA,NA,NA,NA,NA,NA
"102","1500","2011_22","0",NA,"0.742507704192667","0.0257983528236993",NA,NA,NA,"0",NA,"0","0.231693942983633",NA,NA,NA,NA,"0",NA,NA,NA,NA,NA,NA,NA,NA,NA,NA,NA,NA,NA,NA,NA,NA,NA,NA,NA,NA,NA,NA,NA,NA,NA,NA
"103","1000","2011_22","0",NA,"0.746928156688565","0.0336546002601128",NA,NA,NA,"0",NA,"0","0.219417243051322",NA,NA,NA,NA,"0",NA,NA,NA,NA,NA,NA,NA,NA,NA,NA,NA,NA,NA,NA,NA,NA,NA,NA,NA,NA,NA,NA,NA,NA,NA,NA
"104","500","2011_22","0",NA,"0.636192249674704","0.114233481012791",NA,NA,NA,"0",NA,"0","0.249574269312505",NA,NA,NA,NA,"0",NA,NA,NA,NA,NA,NA,NA,NA,NA,NA,NA,NA,NA,NA,NA,NA,NA,NA,NA,NA,NA,NA,NA,NA,NA,NA
"105","4000","2011_23","0.291233473408782","0.0541793621371216","0.210724763032644","0.0414132383690032","0.00275951136905907","0.352800776019356","0.00472571735662894","0",NA,"0.00600208026613564","0.0059975298623437",NA,"0.00893022676527323",NA,"0.00426941569180248","0.00299148511254004",NA,"0.00397620230943923",NA,NA,NA,NA,NA,NA,"0.00999621829987004",NA,NA,NA,NA,NA,NA,NA,NA,NA,NA,NA,NA,"0",NA,NA,NA,NA
"106","3500","2011_23","0.232055699363162","0.0545163033141845","0.19033520871025","0.0394006069789958","0.00334629516347106","0.41318413441465","0.0084721945600874","0",NA,"0.0100154355573309","0",NA,"0.00641078164452091",NA,"0.00852778552329707","0.00943724604700699",NA,"0.00885144279057702",NA,NA,NA,NA,NA,NA,"0.0121367439467351",NA,NA,NA,NA,NA,NA,NA,NA,NA,NA,NA,NA,"0.00331012198573115",NA,NA,NA,NA
"107","3000","2011_23","0.176169531414013","0.0412114322510663","0.183833954745135","0.055161967849138","0.0133170438616479","0.417914538273901","0.0472484517118793","0.00000303879098169929",NA,"0.00771745178009806","0.0303856534711268",NA,"0.00033373374799654",NA,"0.00624332778657597","0.0148472661410924",NA,"0.0056126081753475",NA,NA,NA,NA,NA,NA,"0",NA,NA,NA,NA,NA,NA,NA,NA,NA,NA,NA,NA,"0",NA,NA,NA,NA
"108","2500","2011_23","0.152921128869012","0.0384902418219125","0.230333442148847","0.0614814672749844","0.046592937377672","0.298449562819033","0.0324214742976926","0.014340147861484",NA,"0.00478128731301369","0.0453805097202959",NA,"0",NA,"0.00193184066455391","0.0449941360683628",NA,"0.0278818237631361",NA,NA,NA,NA,NA,NA,"0",NA,NA,NA,NA,NA,NA,NA,NA,NA,NA,NA,NA,"0",NA,NA,NA,NA
"109","2000","2011_23","0.206551672078597","0.0434237905584754","0.323831890171221","0.116703028776175","0.0229247585189265","0.148177956213742","0.0220045172645435","0",NA,"0","0.0407472855556347",NA,"0",NA,"0.00614736940256233","0.0649766482110051",NA,"0.00451108324911712",NA,NA,NA,NA,NA,NA,"0",NA,NA,NA,NA,NA,NA,NA,NA,NA,NA,NA,NA,"0",NA,NA,NA,NA
"110","1500","2011_23","0.242315949419625","0.134381143661574","0.2032298664303","0.118073599864638","0.0181665301415388","0.0924089204620705","0.064102817366937","0.00860631716358946",NA,"0.01667125289621","0.00695164815459231",NA,"0",NA,"0","0.0778793201117456",NA,"0.0172126343271789",NA,NA,NA,NA,NA,NA,"0",NA,NA,NA,NA,NA,NA,NA,NA,NA,NA,NA,NA,"0",NA,NA,NA,NA
"111","1000","2011_23","0.324250151701732","0.138882498633122","0.0675081143769669","0.199017884528125","0","0.0311919794876978","0.202147518377195","0.0270708069470133",NA,"0.000902302386284713","0.00437787672350497",NA,"0",NA,"0","0.00465086683835887",NA,"0",NA,NA,NA,NA,NA,NA,"0",NA,NA,NA,NA,NA,NA,NA,NA,NA,NA,NA,NA,"0",NA,NA,NA,NA
"112","500","2011_23","0.290816097478428","0.356008781219254","0.22417947872403","0","0","0","0.124144891793693","0.00485075078459447",NA,"0","0",NA,"0",NA,"0","0",NA,"0",NA,NA,NA,NA,NA,NA,"0",NA,NA,NA,NA,NA,NA,NA,NA,NA,NA,NA,NA,"0",NA,NA,NA,NA
"113","4000","2011_36","0.0711031235696234","0.280558820275764","0.27004319653078","0.0334508061442295",NA,"0.0030043974611978","0.180778143170113",NA,NA,"0.0437430085102078","0.041301544704875","0.0290350612667067","0","0.00124880505013541",NA,"0.0030043974611978",NA,"0",NA,NA,"0","0.0427286958551692",NA,NA,NA,NA,NA,NA,NA,NA,NA,NA,NA,NA,NA,NA,NA,NA,NA,NA,NA,NA
"114","3500","2011_36","0.0831533949403332","0.222215245258419","0.273139942148111","0.0589841903177311",NA,"0","0.220468653749297",NA,NA,"0.0526275566744937","0.00331039047964224","0.027855079099012","0.00598859991804996","0.00193439665649168",NA,"0.00993117143892672",NA,"0.00331039047964224",NA,NA,"0.0000381984937082321","0.0370427903461417",NA,NA,NA,NA,NA,NA,NA,NA,NA,NA,NA,NA,NA,NA,NA,NA,NA,NA,NA,NA
"115","3000","2011_36","0.140385412236472","0.152357344402486","0.245167392821576","0.123447078188709",NA,"0","0.197150953581622",NA,NA,"0.0319507744252343","0","0.0227674583346553","0.0225969536287065","0",NA,"0.00782455931561891",NA,"0",NA,NA,"0.0255060346465783","0.0308460384183423",NA,NA,NA,NA,NA,NA,NA,NA,NA,NA,NA,NA,NA,NA,NA,NA,NA,NA,NA,NA
"116","2500","2011_36","0.185419741865712","0.177528328169116","0.217820410296854","0.117370725856744",NA,"0","0.155349400764423",NA,NA,"0.023846263787363","0","0.0207694372233324","0.0420374563479378","0",NA,"0",NA,"0",NA,NA,"0.0118058582856435","0.0480523774028751",NA,NA,NA,NA,NA,NA,NA,NA,NA,NA,NA,NA,NA,NA,NA,NA,NA,NA,NA,NA
"117","2000","2011_36","0.0393974463488204","0.226062747704014","0.31731227716874","0.114204570145281",NA,"0","0.121073606192243",NA,NA,"0.0316063262757019","0","0.0165588160406442","0.0129965751519315","0",NA,"0.0145033598747047",NA,"0",NA,NA,"0.000228260171786281","0.106056014926133",NA,NA,NA,NA,NA,NA,NA,NA,NA,NA,NA,NA,NA,NA,NA,NA,NA,NA,NA,NA
"118","1500","2011_36","0.014849420272031","0.303238464454748","0.383779122943066","0.0347952695929846",NA,"0","0.11626239362596",NA,NA,"0.0477218059104768","0","0.0565541229022634","0.00438700529053897","0",NA,"0.0141233571614942",NA,"0.00860701524730743",NA,NA,"0.00828745100817275","0.00739457159095597",NA,NA,NA,NA,NA,NA,NA,NA,NA,NA,NA,NA,NA,NA,NA,NA,NA,NA,NA,NA
"119","1000","2011_36","0.0262288928276871","0.144479464683974","0.531168448415875","0.0832246924002726",NA,"0","0.0600776092181527",NA,NA,"0.0435720605490821","0","0.111248831904956","0","0",NA,"0",NA,"0",NA,NA,"0","0",NA,NA,NA,NA,NA,NA,NA,NA,NA,NA,NA,NA,NA,NA,NA,NA,NA,NA,NA,NA
"120","500","2011_36","0","0.0450259775233536","0.627091121020782","0.151902646478696",NA,"0","0",NA,NA,"0.0000000574710182707499","0","0.17598019750615","0","0",NA,"0",NA,"0",NA,NA,"0","0",NA,NA,NA,NA,NA,NA,NA,NA,NA,NA,NA,NA,NA,NA,NA,NA,NA,NA,NA,NA
"121","4000","2011_38","0.149486652610649","0.115598920456621","0.35139778472975","0.0136260987274621",NA,"0.00275404845984993","0.0669204088611225",NA,NA,"0.074559312405784","0.187627878920352",NA,NA,NA,NA,"0.0255048930376246",NA,"0.00649448944558876","0.00299405133986815",NA,NA,NA,NA,NA,"0.00303546100532861",NA,NA,NA,NA,NA,NA,NA,NA,NA,NA,NA,NA,NA,NA,NA,NA,NA
"122","3500","2011_38","0.0738597627427003","0.0506871646190057","0.358860065664679","0.0122163068178483",NA,"0","0.0752373750702778",NA,NA,"0.0678113035044206","0.35219794640572",NA,NA,NA,NA,"0",NA,"0.00457775635272849","0",NA,NA,NA,NA,NA,"0.00455231882261983",NA,NA,NA,NA,NA,NA,NA,NA,NA,NA,NA,NA,NA,NA,NA,NA,NA
"123","3000","2011_38","0.0037210775149448","0.0658597520030237","0.344162639034412","0.0101092374225825",NA,"0","0.112254404493167",NA,NA,"0.0336651088084884","0.427837569483901",NA,NA,NA,NA,"0",NA,"0","0",NA,NA,NA,NA,NA,"0.00239021123948043",NA,NA,NA,NA,NA,NA,NA,NA,NA,NA,NA,NA,NA,NA,NA,NA,NA
"124","2500","2011_38","0","0.0356545031360001","0.327441073711232","0.0136732532547865",NA,"0","0.079049347702747",NA,NA,"0.0301315221011078","0.503305242165364",NA,NA,NA,NA,"0.00478153633272322",NA,"0.00596352159603994","0",NA,NA,NA,NA,NA,"0",NA,NA,NA,NA,NA,NA,NA,NA,NA,NA,NA,NA,NA,NA,NA,NA,NA
"125","2000","2011_38","0","0.00740728755420565","0.549871477179092","0.0228989317498611",NA,"0","0.0454335805366073",NA,NA,"0.0127037903475165","0.31517083306717",NA,NA,NA,NA,"0.0257010155108821",NA,"0.0208130840546657","0",NA,NA,NA,NA,NA,"0",NA,NA,NA,NA,NA,NA,NA,NA,NA,NA,NA,NA,NA,NA,NA,NA,NA
"126","1500","2011_38","0","0","0.681435522990632","0.0222923464911364",NA,"0","0",NA,NA,"0.0157143472424213","0.235917145962057",NA,NA,NA,NA,"0.0328727014732013",NA,"0.00316117044142909","0",NA,NA,NA,NA,NA,"0.00860676539912294",NA,NA,NA,NA,NA,NA,NA,NA,NA,NA,NA,NA,NA,NA,NA,NA,NA
"127","1000","2011_38","0","0","0.850739996945821","0.0414201980828764",NA,"0","0",NA,NA,"0","0.107839804971302",NA,NA,NA,NA,"0",NA,"0","0",NA,NA,NA,NA,NA,"0",NA,NA,NA,NA,NA,NA,NA,NA,NA,NA,NA,NA,NA,NA,NA,NA,NA
"128","500","2011_38","0","0","0.866057632260429","0.133942367739571",NA,"0","0",NA,NA,"0","0",NA,NA,NA,NA,"0",NA,"0","0",NA,NA,NA,NA,NA,"0",NA,NA,NA,NA,NA,NA,NA,NA,NA,NA,NA,NA,NA,NA,NA,NA,NA
"129","4000","2011_39",NA,NA,"0.352627639661351","0.0664957380970564",NA,NA,NA,NA,NA,"0.279317355632785","0.183472081598338","0.0663287272577191","0.00300428223363785","0.00815548602571929","0.00300428223363785","0.0135601493906531",NA,"0.00300428223363785","0.0210299756354649",NA,NA,NA,NA,NA,NA,NA,NA,NA,NA,NA,NA,NA,NA,NA,NA,NA,NA,NA,NA,NA,NA,NA
"130","3500","2011_39",NA,NA,"0.415717633305963","0.0547123629123067",NA,NA,NA,NA,NA,"0.212345300386336","0.289494262339883","0.0277304410555115","0","0","0","0",NA,"0","0",NA,NA,NA,NA,NA,NA,NA,NA,NA,NA,NA,NA,NA,NA,NA,NA,NA,NA,NA,NA,NA,NA,NA
"131","3000","2011_39",NA,NA,"0.489552310596688","0.0213112022996695",NA,NA,NA,NA,NA,"0.151801785381521","0.32217721643413","0.0151574852879914","0","0","0","0",NA,"0","0",NA,NA,NA,NA,NA,NA,NA,NA,NA,NA,NA,NA,NA,NA,NA,NA,NA,NA,NA,NA,NA,NA,NA
"132","2500","2011_39",NA,NA,"0.538097734233651","0.0218186693507004",NA,NA,NA,NA,NA,"0.0617798712224654","0.365886508142687","0.0124172170504959","0","0","0","0",NA,"0","0",NA,NA,NA,NA,NA,NA,NA,NA,NA,NA,NA,NA,NA,NA,NA,NA,NA,NA,NA,NA,NA,NA,NA
"133","2000","2011_39",NA,NA,"0.589232366285407","0",NA,NA,NA,NA,NA,"0.010940274405449","0.338116248299557","0.0617111110095864","0","0","0","0",NA,"0","0",NA,NA,NA,NA,NA,NA,NA,NA,NA,NA,NA,NA,NA,NA,NA,NA,NA,NA,NA,NA,NA,NA,NA
"134","1500","2011_39",NA,NA,"0.618609537494868","0",NA,NA,NA,NA,NA,"0.0491872559757466","0.297158668650397","0.0350445378789885","0","0","0","0",NA,"0","0",NA,NA,NA,NA,NA,NA,NA,NA,NA,NA,NA,NA,NA,NA,NA,NA,NA,NA,NA,NA,NA,NA,NA
"135","1000","2011_39",NA,NA,"0.570065099231893","0",NA,NA,NA,NA,NA,"0","0.429925230078657","0.00000967068945030075","0","0","0","0",NA,"0","0",NA,NA,NA,NA,NA,NA,NA,NA,NA,NA,NA,NA,NA,NA,NA,NA,NA,NA,NA,NA,NA,NA,NA
"136","500","2011_39",NA,NA,"0.481303655164383","0",NA,NA,NA,NA,NA,"0","0.518696344835617","0","0","0","0","0",NA,"0","0",NA,NA,NA,NA,NA,NA,NA,NA,NA,NA,NA,NA,NA,NA,NA,NA,NA,NA,NA,NA,NA,NA,NA
"137","4000","2011_41","0.00301049195442546",NA,"0.348229164260715","0.0109167228307448",NA,NA,"0.0724807655327584",NA,NA,"0.0376453488401284","0.512706991913027","0","0",NA,NA,"0.0120419678177018",NA,NA,NA,NA,"0.00296854685049874",NA,NA,NA,NA,NA,NA,NA,NA,NA,NA,NA,NA,NA,NA,NA,NA,NA,NA,NA,NA,NA
"138","3500","2011_41","0",NA,"0.320643115968481","0.00348662294121142",NA,NA,"0.083269206796253",NA,NA,"0.0154857391598447","0.577069292900889","0","0",NA,NA,"0",NA,NA,NA,NA,"0.0000460222333204825",NA,NA,NA,NA,NA,NA,NA,NA,NA,NA,NA,NA,NA,NA,NA,NA,NA,NA,NA,NA,NA
"139","3000","2011_41","0",NA,"0.357724204590904","0.00528898116472311",NA,NA,"0.0988099753153807",NA,NA,"0.0039036830846127","0.53427315584438","0","0",NA,NA,"0",NA,NA,NA,NA,"0",NA,NA,NA,NA,NA,NA,NA,NA,NA,NA,NA,NA,NA,NA,NA,NA,NA,NA,NA,NA,NA
"140","2500","2011_41","0",NA,"0.373340760380516","0.0174217299187059",NA,NA,"0.134756995315527",NA,NA,"0.00683462576041019","0.458103552195428","0.00954233642941317","0",NA,NA,"0",NA,NA,NA,NA,"0",NA,NA,NA,NA,NA,NA,NA,NA,NA,NA,NA,NA,NA,NA,NA,NA,NA,NA,NA,NA,NA
"141","2000","2011_41","0.030230950383685",NA,"0.41265406175481","0.0248638727302131",NA,NA,"0.176532605155548",NA,NA,"0.00961570142261881","0.346102808553124","0","0",NA,NA,"0",NA,NA,NA,NA,"0",NA,NA,NA,NA,NA,NA,NA,NA,NA,NA,NA,NA,NA,NA,NA,NA,NA,NA,NA,NA,NA
"142","1500","2011_41","0.00911628099716487",NA,"0.512970719362185","0.0389340563223373",NA,NA,"0.222584801919389",NA,NA,"0","0.216394141398924","0","0",NA,NA,"0",NA,NA,NA,NA,"0",NA,NA,NA,NA,NA,NA,NA,NA,NA,NA,NA,NA,NA,NA,NA,NA,NA,NA,NA,NA,NA
"143","1000","2011_41","0.000148341985166786",NA,"0.660693076055122","0.0628954289767526",NA,NA,"0.219258634880081",NA,NA,"0","0.0426910134557553","0","0.0143135046471227",NA,NA,"0",NA,NA,NA,NA,"0",NA,NA,NA,NA,NA,NA,NA,NA,NA,NA,NA,NA,NA,NA,NA,NA,NA,NA,NA,NA,NA
"144","500","2011_41","0",NA,"0.837182299592129","0.000551211113634145",NA,NA,"0.162266489294237",NA,NA,"0","0","0","0",NA,NA,"0",NA,NA,NA,NA,"0",NA,NA,NA,NA,NA,NA,NA,NA,NA,NA,NA,NA,NA,NA,NA,NA,NA,NA,NA,NA,NA
"145","4000","2011_42","0.186710057300674",NA,"0.0820510214108923","0.0327454305703697",NA,NA,"0.00455556888449038",NA,NA,"0.358476989145417","0.208870303502582","0","0.0068416708481478",NA,NA,"0",NA,"0","0.110634966193412",NA,"0.00610743708912528","0.00300655505488932",NA,NA,NA,NA,NA,NA,NA,NA,NA,NA,NA,NA,NA,NA,NA,NA,"0","0",NA,NA
"146","3500","2011_42","0.238492146204155",NA,"0.0389669831631776","0.0941863704073093",NA,NA,"0.0115060607407945",NA,NA,"0.322278549688876","0.128779990085902","0","0.051830021170935",NA,NA,"0",NA,"0.00331872668620634","0.0697732434785001",NA,"0.0197071901479791","0.0079535315791997",NA,NA,NA,NA,NA,NA,NA,NA,NA,NA,NA,NA,NA,NA,NA,NA,"0.0066035933234827","0.0066035933234827",NA,NA
"147","3000","2011_42","0.326640720992017",NA,"0.0729549380046675","0.0165339881168908",NA,NA,"0.00462028339660812",NA,NA,"0.284174149626681","0.208748562658582","0.0039021233275542","0.000104946154044194",NA,NA,"0",NA,"0.00388211511658619","0.0566208142157504",NA,"0","0.0218173583906188",NA,NA,NA,NA,NA,NA,NA,NA,NA,NA,NA,NA,NA,NA,NA,NA,"0","0",NA,NA
"148","2500","2011_42","0.25367113819553",NA,"0.0780673185560851","0.00306008592821259",NA,NA,"0.00389151064909207",NA,NA,"0.244990208018249","0.203759577100025","0","0.00953852368912091",NA,NA,"0",NA,"0.00953852368912091","0.193483114174564",NA,"0","0",NA,NA,NA,NA,NA,NA,NA,NA,NA,NA,NA,NA,NA,NA,NA,NA,"0","0",NA,NA
"149","2000","2011_42","0.195556748276534",NA,"0.223146507670197","0.0146252432340549",NA,NA,"0",NA,NA,"0.0429816832759988","0.210511187316474","0","0",NA,NA,"0",NA,"0","0.313178630226742",NA,"0","0",NA,NA,NA,NA,NA,NA,NA,NA,NA,NA,NA,NA,NA,NA,NA,NA,"0","0",NA,NA
"150","1500","2011_42","0.147600497896212",NA,"0.318051781148621","0.0362529221105137",NA,NA,"0",NA,NA,"0.00858467132165153","0.201912135201847","0.00858467132165153","0.0124184093083898",NA,NA,"0",NA,"0.000436033427539547","0.266158878263573",NA,"0","0",NA,NA,NA,NA,NA,NA,NA,NA,NA,NA,NA,NA,NA,NA,NA,NA,"0","0",NA,NA
"151","1000","2011_42","0.0223405710601337",NA,"0.538095379599943","0.0683485329732972",NA,NA,"0",NA,NA,"0.0143077855357651","0.0190238189550005","0.0216055688172066","0.0222260077586179",NA,NA,"0.0283844903507829",NA,"0.0452605754320672","0.220407269517186",NA,"0","0",NA,NA,NA,NA,NA,NA,NA,NA,NA,NA,NA,NA,NA,NA,NA,NA,"0","0",NA,NA
"152","500","2011_42","0",NA,"0.784018734114252","0",NA,NA,"0",NA,NA,"0","0","0.0210300067607916","0",NA,NA,"0.043616598764607",NA,"0.0337315329918357","0.117603127368514",NA,"0","0",NA,NA,NA,NA,NA,NA,NA,NA,NA,NA,NA,NA,NA,NA,NA,NA,"0","0",NA,NA
"153","4000","2011_43","0.100057224463103","0.412251841393877","0.103787837445787","0.00986690384768533",NA,NA,NA,NA,NA,"0.0711474762237238","0.302888716625824",NA,NA,NA,NA,NA,NA,NA,NA,NA,NA,NA,NA,NA,NA,NA,NA,NA,NA,NA,NA,NA,NA,NA,NA,NA,NA,NA,NA,NA,NA,NA
"154","3500","2011_43","0.0808441475228478","0.411327688321371","0.135011880719525","0.00816999997466301",NA,NA,NA,NA,NA,"0.123629864827818","0.241016418633775",NA,NA,NA,NA,NA,NA,NA,NA,NA,NA,NA,NA,NA,NA,NA,NA,NA,NA,NA,NA,NA,NA,NA,NA,NA,NA,NA,NA,NA,NA,NA
"155","3000","2011_43","0.0243371763871393","0.408127311885248","0.178633345807898","0.016108992465423",NA,NA,NA,NA,NA,"0.131874418651096","0.240918754803196",NA,NA,NA,NA,NA,NA,NA,NA,NA,NA,NA,NA,NA,NA,NA,NA,NA,NA,NA,NA,NA,NA,NA,NA,NA,NA,NA,NA,NA,NA,NA
"156","2500","2011_43","0.016116459312209","0.348474049477218","0.189192653553452","0.0278909433410357",NA,NA,NA,NA,NA,"0.0971406382939976","0.321185256022089",NA,NA,NA,NA,NA,NA,NA,NA,NA,NA,NA,NA,NA,NA,NA,NA,NA,NA,NA,NA,NA,NA,NA,NA,NA,NA,NA,NA,NA,NA,NA
"157","2000","2011_43","0.00419407078982584","0.382126437748181","0.183460756605736","0.0401051706330903",NA,NA,NA,NA,NA,"0.171164742853957","0.218948821369209",NA,NA,NA,NA,NA,NA,NA,NA,NA,NA,NA,NA,NA,NA,NA,NA,NA,NA,NA,NA,NA,NA,NA,NA,NA,NA,NA,NA,NA,NA,NA
"158","1500","2011_43","0.0206267429722765","0.329218869290454","0.240805985027211","0.0951384694696878",NA,NA,NA,NA,NA,"0.075613444469982","0.238596488770389",NA,NA,NA,NA,NA,NA,NA,NA,NA,NA,NA,NA,NA,NA,NA,NA,NA,NA,NA,NA,NA,NA,NA,NA,NA,NA,NA,NA,NA,NA,NA
"159","1000","2011_43","0.00865062666504058","0.0623412222472447","0.496385316769226","0.014342843874429",NA,NA,NA,NA,NA,"0.0226387573209239","0.395641233123136",NA,NA,NA,NA,NA,NA,NA,NA,NA,NA,NA,NA,NA,NA,NA,NA,NA,NA,NA,NA,NA,NA,NA,NA,NA,NA,NA,NA,NA,NA,NA
"160","500","2011_43","0","0","0.614108497251869","0.0430285316208661",NA,NA,NA,NA,NA,"0","0.342862971127264",NA,NA,NA,NA,NA,NA,NA,NA,NA,NA,NA,NA,NA,NA,NA,NA,NA,NA,NA,NA,NA,NA,NA,NA,NA,NA,NA,NA,NA,NA,NA
"161","4000","2011_44","0.000746197617120308",NA,"0.139257912147105","0.0702165565909931",NA,NA,"0.0024287446463549",NA,NA,"0.223547022201083","0.485783733376598","0.0187979307677704","0.0365586048253746",NA,NA,"0.00300090442308872",NA,"0",NA,NA,"0.016661488981423","0",NA,NA,NA,NA,NA,NA,NA,NA,NA,"0.00300090442308872",NA,NA,NA,NA,"0",NA,NA,NA,NA,NA
"162","3500","2011_44","0.00881101196916553",NA,"0.110092362680686","0.0753143320842129",NA,NA,"0",NA,NA,"0.141425677300718","0.572357045881964","0.00813469307286666","0.0565293498371247",NA,NA,"0.00652032584990942",NA,"0",NA,NA,"0.0208152013233536","0",NA,NA,NA,NA,NA,NA,NA,NA,NA,"0",NA,NA,NA,NA,"0",NA,NA,NA,NA,NA
"163","3000","2011_44","0.0185633829777826",NA,"0.163172656648014","0.0834602354677388",NA,NA,"0.0109621965526753",NA,NA,"0.109568589255143","0.560246886698995","0.00384053440004004","0.0338949350097299",NA,NA,"0.00400611754791387",NA,"0",NA,NA,"0.0122844654419674","0",NA,NA,NA,NA,NA,NA,NA,NA,NA,"0",NA,NA,NA,NA,"0",NA,NA,NA,NA,NA
"164","2500","2011_44","0.00659440025952169",NA,"0.116246465991652","0.108923727121653",NA,NA,"0.016467842763799",NA,NA,"0.213574466674989","0.484170212397599","0.00484908973988878","0.0244227220588417",NA,NA,"0.00477153811431083",NA,"0.0107967513035599",NA,NA,"0.00441124545987381","0",NA,NA,NA,NA,NA,NA,NA,NA,NA,"0.00477153811431083",NA,NA,NA,NA,"0",NA,NA,NA,NA,NA
"165","2000","2011_44","0.0119448558214798",NA,"0.0601812455908954","0.122456056757606",NA,NA,"0.0106794281821074",NA,NA,"0.225150644681656","0.432464061189196","0.00613483471870944","0.0142533276634337",NA,NA,"0.050767262166196",NA,"0.0348308762221066",NA,NA,"0.00659806813177608","0.0184045041561283",NA,NA,NA,NA,NA,NA,NA,NA,NA,"0",NA,NA,NA,NA,"0.00613483471870944",NA,NA,NA,NA,NA
"166","1500","2011_44","0",NA,"0.123356482228101","0.0706375755942689",NA,NA,"0.0303058256638914",NA,NA,"0.411081955335438","0.340842808942719","0","0.0145892941643258",NA,NA,"0.00867328828113285",NA,"0.000512769790123055",NA,NA,"0","0",NA,NA,NA,NA,NA,NA,NA,NA,NA,"0",NA,NA,NA,NA,"0",NA,NA,NA,NA,NA
"167","1000","2011_44","0.0100182011414746",NA,"0.329779081086243","0.0906908574217584",NA,NA,"0.109688808990402",NA,NA,"0.289978298574535","0.145296420546352","0","0",NA,NA,"0.0102337178963906",NA,"0.0143146143428449",NA,NA,"0","0",NA,NA,NA,NA,NA,NA,NA,NA,NA,"0",NA,NA,NA,NA,"0",NA,NA,NA,NA,NA
"168","500","2011_44","0.012889239605616",NA,"0.798348326394624","0.151904817872472",NA,NA,"0.0347305610722672",NA,NA,"0.00212705505502036","0","0","0",NA,NA,"0",NA,"0",NA,NA,"0","0",NA,NA,NA,NA,NA,NA,NA,NA,NA,"0",NA,NA,NA,NA,"0",NA,NA,NA,NA,NA
"169","4000","2011_52","0",NA,"0.429918926959805","0.0293592242576544",NA,NA,NA,"0",NA,"0.0161825288031173","0.517801955428027",NA,"0.00266148140034503",NA,NA,"0",NA,"0.00137524461768525","0.0027006385333662",NA,"0",NA,NA,NA,NA,NA,NA,NA,NA,NA,NA,NA,NA,NA,NA,NA,NA,NA,NA,NA,NA,NA
"170","3500","2011_52","0",NA,"0.478286772803125","0.0401268728761386",NA,NA,NA,"0",NA,"0.0052654797584306","0.474127022833179",NA,"0.000392039768505948",NA,NA,"0",NA,"0.00180181196062126","0",NA,"0",NA,NA,NA,NA,NA,NA,NA,NA,NA,NA,NA,NA,NA,NA,NA,NA,NA,NA,NA,NA,NA
"171","3000","2011_52","0",NA,"0.474657161208711","0.0483768618272114",NA,NA,NA,"0.00391080260126532",NA,"0.00391080260126532","0.469144371761547",NA,"0",NA,NA,"0",NA,"0","0",NA,"0",NA,NA,NA,NA,NA,NA,NA,NA,NA,NA,NA,NA,NA,NA,NA,NA,NA,NA,NA,NA,NA
"172","2500","2011_52","0.0000850293448502236",NA,"0.518531085380778","0.0256411983696019",NA,NA,NA,"0.00477986984593803",NA,"0","0.450962817058832",NA,"0",NA,NA,"0",NA,"0","0",NA,"0",NA,NA,NA,NA,NA,NA,NA,NA,NA,NA,NA,NA,NA,NA,NA,NA,NA,NA,NA,NA,NA
"173","2000","2011_52","0.0121817704459841",NA,"0.560073202728146","0.0249050967066868",NA,NA,NA,"0",NA,"0.00614554694517499","0.396694383174009",NA,"0",NA,NA,"0",NA,"0","0",NA,"0",NA,NA,NA,NA,NA,NA,NA,NA,NA,NA,NA,NA,NA,NA,NA,NA,NA,NA,NA,NA,NA
"174","1500","2011_52","0.0257263866970022",NA,"0.560429969383775","0.0537765108460262",NA,NA,NA,"0",NA,"0.00860376572258143","0.340649489276766",NA,"0",NA,NA,"0.000209770415546862",NA,"0.010604107658303","0",NA,"0",NA,NA,NA,NA,NA,NA,NA,NA,NA,NA,NA,NA,NA,NA,NA,NA,NA,NA,NA,NA,NA
"175","1000","2011_52","0.0431603460652031",NA,"0.429468309668265","0.171859534296884",NA,NA,NA,"0.0278372119818334",NA,"0","0.235642796263172",NA,"0.0536056866798889",NA,NA,"0.0139899921770617",NA,"0.0110057063138357","0",NA,"0.013430416553856",NA,NA,NA,NA,NA,NA,NA,NA,NA,NA,NA,NA,NA,NA,NA,NA,NA,NA,NA,NA,NA
"176","500","2011_52","0.0430188286147663",NA,"0.2897526009104","0.306566086905506",NA,NA,NA,"0.00252602128065753",NA,"0","0.0430188286147663",NA,"0.140314740261283",NA,NA,"0",NA,"0","0",NA,"0.174802893412621",NA,NA,NA,NA,NA,NA,NA,NA,NA,NA,NA,NA,NA,NA,NA,NA,NA,NA,NA,NA,NA
"177","4000","2011_56","0.00303004292353009","0.0630668837177182","0.433772868001612","0.00855709071323056",NA,NA,NA,NA,NA,"0.0355846302582686","0.45598848438564",NA,NA,NA,NA,NA,NA,NA,NA,NA,NA,NA,NA,NA,NA,NA,NA,NA,NA,NA,NA,NA,NA,NA,NA,NA,NA,NA,NA,NA,NA,NA
"178","3500","2011_56","0","0.068978800496558","0.449168749500315","0.0121718456248614",NA,NA,NA,NA,NA,"0.0516949004409527","0.417985703937313",NA,NA,NA,NA,NA,NA,NA,NA,NA,NA,NA,NA,NA,NA,NA,NA,NA,NA,NA,NA,NA,NA,NA,NA,NA,NA,NA,NA,NA,NA,NA
"179","3000","2011_56","0","0.0256450468822396","0.486597311187064","0.00847260530528099",NA,NA,NA,NA,NA,"0.0514093688227686","0.427875667802647",NA,NA,NA,NA,NA,NA,NA,NA,NA,NA,NA,NA,NA,NA,NA,NA,NA,NA,NA,NA,NA,NA,NA,NA,NA,NA,NA,NA,NA,NA,NA
"180","2500","2011_56","0","0.00469724005400998","0.481976933080454","0.0100662691607221",NA,NA,NA,NA,NA,"0.0231896615770947","0.480069896127719",NA,NA,NA,NA,NA,NA,NA,NA,NA,NA,NA,NA,NA,NA,NA,NA,NA,NA,NA,NA,NA,NA,NA,NA,NA,NA,NA,NA,NA,NA,NA
"181","2000","2011_56","0","0.00625040410326745","0.493310890720785","0.017301952810923",NA,NA,NA,NA,NA,"0.0168928025153105","0.466243949849714",NA,NA,NA,NA,NA,NA,NA,NA,NA,NA,NA,NA,NA,NA,NA,NA,NA,NA,NA,NA,NA,NA,NA,NA,NA,NA,NA,NA,NA,NA,NA
"182","1500","2011_56","0.00860279892082549","0.00155358802807196","0.47148876925126","0.0289311180045933",NA,NA,NA,NA,NA,"0.0361723101140848","0.453251415681165",NA,NA,NA,NA,NA,NA,NA,NA,NA,NA,NA,NA,NA,NA,NA,NA,NA,NA,NA,NA,NA,NA,NA,NA,NA,NA,NA,NA,NA,NA,NA
"183","1000","2011_56","0","0.0117486848207651","0.51848268755714","0.0169730010312419",NA,NA,NA,NA,NA,"0.0310014136289212","0.421794212961932",NA,NA,NA,NA,NA,NA,NA,NA,NA,NA,NA,NA,NA,NA,NA,NA,NA,NA,NA,NA,NA,NA,NA,NA,NA,NA,NA,NA,NA,NA,NA
"184","500","2011_56","0","0","0.65627938374432","0.0274236940276819",NA,NA,NA,NA,NA,"0","0.316296922227998",NA,NA,NA,NA,NA,NA,NA,NA,NA,NA,NA,NA,NA,NA,NA,NA,NA,NA,NA,NA,NA,NA,NA,NA,NA,NA,NA,NA,NA,NA,NA
"185","4000","2011_57",NA,NA,"0.306463081208133","0.000629649390533165",NA,NA,NA,NA,NA,"0.628324424600371","0.0645828448009627",NA,NA,NA,NA,"0",NA,NA,NA,NA,NA,NA,NA,NA,NA,NA,NA,NA,NA,NA,NA,NA,NA,NA,NA,NA,NA,NA,NA,NA,NA,NA
"186","3500","2011_57",NA,NA,"0.301193459818359","0.00260934844216599",NA,NA,NA,NA,NA,"0.600657114177659","0.095540077561816",NA,NA,NA,NA,"0",NA,NA,NA,NA,NA,NA,NA,NA,NA,NA,NA,NA,NA,NA,NA,NA,NA,NA,NA,NA,NA,NA,NA,NA,NA,NA
"187","3000","2011_57",NA,NA,"0.343592532138135","0",NA,NA,NA,NA,NA,"0.583265592356592","0.0722600168598588",NA,NA,NA,NA,"0.000881858645414491",NA,NA,NA,NA,NA,NA,NA,NA,NA,NA,NA,NA,NA,NA,NA,NA,NA,NA,NA,NA,NA,NA,NA,NA,NA,NA
"188","2500","2011_57",NA,NA,"0.341623542354708","0.0065987097053148",NA,NA,NA,NA,NA,"0.557454184079008","0.0739162137979463",NA,NA,NA,NA,"0.0204073500630231",NA,NA,NA,NA,NA,NA,NA,NA,NA,NA,NA,NA,NA,NA,NA,NA,NA,NA,NA,NA,NA,NA,NA,NA,NA,NA
"189","2000","2011_57",NA,NA,"0.403174249667399","0.00992678801874588",NA,NA,NA,NA,NA,"0.463084742570646","0.0915710158320174",NA,NA,NA,NA,"0.0322432039111919",NA,NA,NA,NA,NA,NA,NA,NA,NA,NA,NA,NA,NA,NA,NA,NA,NA,NA,NA,NA,NA,NA,NA,NA,NA,NA
"190","1500","2011_57",NA,NA,"0.461026024578357","0.0171834537996229",NA,NA,NA,NA,NA,"0.384703239107319","0.114810477076892",NA,NA,NA,NA,"0.0222768054378092",NA,NA,NA,NA,NA,NA,NA,NA,NA,NA,NA,NA,NA,NA,NA,NA,NA,NA,NA,NA,NA,NA,NA,NA,NA,NA
"191","1000","2011_57",NA,NA,"0.48678881495679","0.0227847296698664",NA,NA,NA,NA,NA,"0.417299693131507","0.049470818002326",NA,NA,NA,NA,"0.0236559442395103",NA,NA,NA,NA,NA,NA,NA,NA,NA,NA,NA,NA,NA,NA,NA,NA,NA,NA,NA,NA,NA,NA,NA,NA,NA,NA
"192","500","2011_57",NA,NA,"0.63892735769241","0.0605217144566638",NA,NA,NA,NA,NA,"0.25259680399457","0.0479541238563563",NA,NA,NA,NA,"0",NA,NA,NA,NA,NA,NA,NA,NA,NA,NA,NA,NA,NA,NA,NA,NA,NA,NA,NA,NA,NA,NA,NA,NA,NA,NA
"193","4000","2011_58",NA,NA,"0.341941029903019","0.00962457757087343",NA,NA,"0.00017876529271346",NA,NA,"0.0571064495414394","0.522253313517947","0.0219925656999151","0.00127810362739861",NA,NA,"0.00770760717036939",NA,NA,NA,NA,NA,NA,NA,NA,NA,NA,NA,NA,NA,NA,NA,"0.0379175876763238",NA,NA,NA,NA,NA,NA,NA,NA,NA,NA
"194","3500","2011_58",NA,NA,"0.332759241073056","0.0190732394347808",NA,NA,"0.00310524089101652",NA,NA,"0.0333537040889099","0.55190642084182","0.00496454917868554","0.00189412882272181",NA,NA,"0.00774691873660516",NA,NA,NA,NA,NA,NA,NA,NA,NA,NA,NA,NA,NA,NA,NA,"0.0451965569324044",NA,NA,NA,NA,NA,NA,NA,NA,NA,NA
"195","3000","2011_58",NA,NA,"0.343969047296009","0.0114079962901299",NA,NA,"0.00588882184768788",NA,NA,"0.0244115607675754","0.590765963098858","0.0157842286704855","0",NA,NA,"0.00645486503095669",NA,NA,NA,NA,NA,NA,NA,NA,NA,NA,NA,NA,NA,NA,NA,"0.00131751699829738",NA,NA,NA,NA,NA,NA,NA,NA,NA,NA
"196","2500","2011_58",NA,NA,"0.434460628632327","0.000428826691508002",NA,NA,"0.00234218768156553",NA,NA,"0.019182933718321","0.543464940487226","0.000120482789052708","0",NA,NA,"0",NA,NA,NA,NA,NA,NA,NA,NA,NA,NA,NA,NA,NA,NA,NA,"0",NA,NA,NA,NA,NA,NA,NA,NA,NA,NA
"197","2000","2011_58",NA,NA,"0.568861327478316","0",NA,NA,"0",NA,NA,"0.0292544495098173","0.401884223011867","0","0",NA,NA,"0",NA,NA,NA,NA,NA,NA,NA,NA,NA,NA,NA,NA,NA,NA,NA,"0",NA,NA,NA,NA,NA,NA,NA,NA,NA,NA
"198","1500","2011_58",NA,NA,"0.616160381163589","0.00421238378019148",NA,NA,"0",NA,NA,"0.0241016543614028","0.355525580694817","0","0",NA,NA,"0",NA,NA,NA,NA,NA,NA,NA,NA,NA,NA,NA,NA,NA,NA,NA,"0",NA,NA,NA,NA,NA,NA,NA,NA,NA,NA
"199","1000","2011_58",NA,NA,"0.716605950044815","0.0502658908300175",NA,NA,"0",NA,NA,"0.011197580005953","0.207621124206616","0.0143094549125982","0",NA,NA,"0",NA,NA,NA,NA,NA,NA,NA,NA,NA,NA,NA,NA,NA,NA,NA,"0",NA,NA,NA,NA,NA,NA,NA,NA,NA,NA
"200","500","2011_58",NA,NA,"0.933153576072781","0.0427822322701419",NA,NA,"0",NA,NA,"0.024064191657077","0","0","0",NA,NA,"0",NA,NA,NA,NA,NA,NA,NA,NA,NA,NA,NA,NA,NA,NA,NA,"0",NA,NA,NA,NA,NA,NA,NA,NA,NA,NA
"201","4000","2011_59",NA,"0.221060303629038","0.407640535391071","0.00824382121165",NA,NA,NA,NA,NA,"0.0908195901223779","0.272235749645864",NA,"0",NA,NA,NA,NA,NA,NA,"0",NA,NA,NA,NA,NA,NA,NA,NA,NA,NA,NA,NA,NA,NA,NA,NA,NA,NA,NA,NA,NA,NA
"202","3500","2011_59",NA,"0.257463712551946","0.51028714866085","0.000852793414744974",NA,NA,NA,NA,NA,"0.137863540967712","0.0890037177903894",NA,"0.0045290866143583",NA,NA,NA,NA,NA,NA,"0",NA,NA,NA,NA,NA,NA,NA,NA,NA,NA,NA,NA,NA,NA,NA,NA,NA,NA,NA,NA,NA,NA
"203","3000","2011_59",NA,"0.18797674112152","0.613599588769795","0.00446714432921024",NA,NA,NA,NA,NA,"0.0757343931701813","0.111103342512052",NA,"0.0068735043098375",NA,NA,NA,NA,NA,NA,"0.000245285787404311",NA,NA,NA,NA,NA,NA,NA,NA,NA,NA,NA,NA,NA,NA,NA,NA,NA,NA,NA,NA,NA,NA
"204","2500","2011_59",NA,"0.0158875882316728","0.867109377080529","0.0279745705020809",NA,NA,NA,NA,NA,"0.0454309002550596","0.0301822526073498",NA,"0.00893876026721867",NA,NA,NA,NA,NA,NA,"0.00447655105608928",NA,NA,NA,NA,NA,NA,NA,NA,NA,NA,NA,NA,NA,NA,NA,NA,NA,NA,NA,NA,NA,NA
"205","2000","2011_59",NA,"0","1","0",NA,NA,NA,NA,NA,"0","0",NA,"0",NA,NA,NA,NA,NA,NA,"0",NA,NA,NA,NA,NA,NA,NA,NA,NA,NA,NA,NA,NA,NA,NA,NA,NA,NA,NA,NA,NA,NA
"206","1500","2011_59",NA,"0","1","0",NA,NA,NA,NA,NA,"0","0",NA,"0",NA,NA,NA,NA,NA,NA,"0",NA,NA,NA,NA,NA,NA,NA,NA,NA,NA,NA,NA,NA,NA,NA,NA,NA,NA,NA,NA,NA,NA
"207","1000","2011_59",NA,"0","1","0",NA,NA,NA,NA,NA,"0","0",NA,"0",NA,NA,NA,NA,NA,NA,"0",NA,NA,NA,NA,NA,NA,NA,NA,NA,NA,NA,NA,NA,NA,NA,NA,NA,NA,NA,NA,NA,NA
"208","500","2011_59",NA,"0","1","0",NA,NA,NA,NA,NA,"0","0",NA,"0",NA,NA,NA,NA,NA,NA,"0",NA,NA,NA,NA,NA,NA,NA,NA,NA,NA,NA,NA,NA,NA,NA,NA,NA,NA,NA,NA,NA,NA
"209","4000","2011_60",NA,"0.0168126854956657","0.766830353871202","0.00480366802156851",NA,NA,NA,"0.158174777799918",NA,"0.00603104565798098","0.0473474691536655",NA,NA,NA,NA,NA,NA,NA,NA,NA,NA,NA,NA,NA,NA,NA,NA,NA,NA,NA,NA,NA,NA,NA,NA,NA,NA,NA,NA,NA,NA,NA
"210","3500","2011_60",NA,"0.00701959579612673","0.771266848693001","0.00879720773169938",NA,NA,NA,"0.197939179526598",NA,"0.0033106051760078","0.0116665630765673",NA,NA,NA,NA,NA,NA,NA,NA,NA,NA,NA,NA,NA,NA,NA,NA,NA,NA,NA,NA,NA,NA,NA,NA,NA,NA,NA,NA,NA,NA,NA
"211","3000","2011_60",NA,"0.0120440956244481","0.757964688378616","0.0146786094233751",NA,NA,NA,"0.21082137686615",NA,"0.00449122970741092","0",NA,NA,NA,NA,NA,NA,NA,NA,NA,NA,NA,NA,NA,NA,NA,NA,NA,NA,NA,NA,NA,NA,NA,NA,NA,NA,NA,NA,NA,NA,NA
"212","2500","2011_60",NA,"0.0316752353414038","0.8336576443287","0.00477265921864293",NA,NA,NA,"0.102616620294262",NA,"0.027277840816991","0",NA,NA,NA,NA,NA,NA,NA,NA,NA,NA,NA,NA,NA,NA,NA,NA,NA,NA,NA,NA,NA,NA,NA,NA,NA,NA,NA,NA,NA,NA,NA
"213","2000","2011_60",NA,"0.00576539398769844","0.98672036366295","0",NA,NA,NA,"0.000457264611806807",NA,"0.00705697773754494","0",NA,NA,NA,NA,NA,NA,NA,NA,NA,NA,NA,NA,NA,NA,NA,NA,NA,NA,NA,NA,NA,NA,NA,NA,NA,NA,NA,NA,NA,NA,NA
"214","1500","2011_60",NA,"0","1","0",NA,NA,NA,"0",NA,"0","0",NA,NA,NA,NA,NA,NA,NA,NA,NA,NA,NA,NA,NA,NA,NA,NA,NA,NA,NA,NA,NA,NA,NA,NA,NA,NA,NA,NA,NA,NA,NA
"215","1000","2011_60",NA,"0","0.977184415060212","0.0228155849397883",NA,NA,NA,"0",NA,"0","0",NA,NA,NA,NA,NA,NA,NA,NA,NA,NA,NA,NA,NA,NA,NA,NA,NA,NA,NA,NA,NA,NA,NA,NA,NA,NA,NA,NA,NA,NA,NA
"216","500","2011_60",NA,"0","0.896295285672136","0.103704714327864",NA,NA,NA,"0",NA,"0","0",NA,NA,NA,NA,NA,NA,NA,NA,NA,NA,NA,NA,NA,NA,NA,NA,NA,NA,NA,NA,NA,NA,NA,NA,NA,NA,NA,NA,NA,NA,NA
"217","4000","2011_62","0.458784621183065","0.0414736868161832","0.369832067093053","0.0148206434304026","0.0111981117851765","0.0893301969198588","0.012687239815684","0",NA,NA,"0","0.00187343295657644","0",NA,NA,NA,NA,NA,NA,NA,NA,NA,NA,NA,NA,NA,NA,NA,NA,NA,NA,NA,NA,NA,NA,NA,NA,NA,NA,NA,NA,NA
"218","3500","2011_62","0.404916681255442","0.0664949186282781","0.337219499708141","0.0314124082331307","0.00800660300017423","0.145588133023874","0.00212058538365355","0.00212058538365355",NA,NA,"0","0","0.00212058538365355",NA,NA,NA,NA,NA,NA,NA,NA,NA,NA,NA,NA,NA,NA,NA,NA,NA,NA,NA,NA,NA,NA,NA,NA,NA,NA,NA,NA,NA
"219","3000","2011_62","0.334877428456041","0.0178948402790029","0.31659600236884","0.0200749106504797","0.0556834719003417","0.247952805426779","0","0.0012127494625469",NA,NA,"0.00252045816597019","0.00318733328999944","0",NA,NA,NA,NA,NA,NA,NA,NA,NA,NA,NA,NA,NA,NA,NA,NA,NA,NA,NA,NA,NA,NA,NA,NA,NA,NA,NA,NA,NA
"220","2500","2011_62","0.256027176411166","0.0337859914622347","0.306305066314583","0.0349002931431857","0.0277545386987127","0.331000922966675","0.00193737442347867","0.00460429264923439",NA,NA,"0","0.00368434393072882","0",NA,NA,NA,NA,NA,NA,NA,NA,NA,NA,NA,NA,NA,NA,NA,NA,NA,NA,NA,NA,NA,NA,NA,NA,NA,NA,NA,NA,NA
"221","2000","2011_62","0.213606902385614","0.0620608065918581","0.339125438856887","0.0325396981459893","0.0446352951557171","0.298270306030794","0.00461506485851209","0.00339116091043468",NA,NA,"0","0.00175532706419455","0",NA,NA,NA,NA,NA,NA,NA,NA,NA,NA,NA,NA,NA,NA,NA,NA,NA,NA,NA,NA,NA,NA,NA,NA,NA,NA,NA,NA,NA
"222","1500","2011_62","0.174820680016057","0.0567203723440583","0.428798706767417","0.0235642812652541","0.0344434245672516","0.281652535039961","0","0",NA,NA,"0","0","0",NA,NA,NA,NA,NA,NA,NA,NA,NA,NA,NA,NA,NA,NA,NA,NA,NA,NA,NA,NA,NA,NA,NA,NA,NA,NA,NA,NA,NA
"223","1000","2011_62","0.178010147293555","0.0925270452537113","0.439738625485073","0.0354930806611011","0.0213532439798147","0.21874993074708","0","0",NA,NA,"0.000453487290107588","0.0136744392895577","0",NA,NA,NA,NA,NA,NA,NA,NA,NA,NA,NA,NA,NA,NA,NA,NA,NA,NA,NA,NA,NA,NA,NA,NA,NA,NA,NA,NA,NA
"224","500","2011_62","0.106749790345146","0.199880555860416","0.452343908207033","0.0414649528896774","0.105846736483302","0.0715494980270102","0","0",NA,NA,"0.0201556507715448","0.00200890741587138","0",NA,NA,NA,NA,NA,NA,NA,NA,NA,NA,NA,NA,NA,NA,NA,NA,NA,NA,NA,NA,NA,NA,NA,NA,NA,NA,NA,NA,NA
"225","4000","2011_63",NA,"0.0903125510437113","0.241476712522151","0.0112424642781994",NA,NA,NA,NA,NA,"0.193375532586166","0.318062337590125","0.00556619536250303",NA,NA,NA,NA,NA,NA,NA,NA,NA,"0.00146717054794664",NA,NA,"0.138497036069198",NA,NA,NA,NA,NA,NA,NA,NA,NA,NA,NA,NA,NA,NA,NA,NA,NA
"226","3500","2011_63",NA,"0.0833376235111775","0.190012713219516","0.00570398128240829",NA,NA,NA,NA,NA,"0.194025040779777","0.387206870381708","0.00383021039093455",NA,NA,NA,NA,NA,NA,NA,NA,NA,"0.0017022347276176",NA,NA,"0.134181325706861",NA,NA,NA,NA,NA,NA,NA,NA,NA,NA,NA,NA,NA,NA,NA,NA,NA
"227","3000","2011_63",NA,"0.0553765475991279","0.308597492714901","0.00203676203348613",NA,NA,NA,NA,NA,"0.17248857853545","0.444449494656943","0",NA,NA,NA,NA,NA,NA,NA,NA,NA,"0",NA,NA,"0.0170511244600917",NA,NA,NA,NA,NA,NA,NA,NA,NA,NA,NA,NA,NA,NA,NA,NA,NA
"228","2500","2011_63",NA,"0.0245706073178488","0.302227152759696","0.00478147828538065",NA,NA,NA,NA,NA,"0.0913423630936843","0.552247448464867","0",NA,NA,NA,NA,NA,NA,NA,NA,NA,"0",NA,NA,"0.0248309500785235",NA,NA,NA,NA,NA,NA,NA,NA,NA,NA,NA,NA,NA,NA,NA,NA,NA
"229","2000","2011_63",NA,"0.00677918381745751","0.310422902847086","0.00797127624021593",NA,NA,NA,NA,NA,"0.0154312072867446","0.61860911016534","0",NA,NA,NA,NA,NA,NA,NA,NA,NA,"0",NA,NA,"0.0407863196431552",NA,NA,NA,NA,NA,NA,NA,NA,NA,NA,NA,NA,NA,NA,NA,NA,NA
"230","1500","2011_63",NA,"0.0086460231710529","0.381343927075807","0.0175553546831421",NA,NA,NA,NA,NA,"0.0424319899031833","0.550022705166815","0",NA,NA,NA,NA,NA,NA,NA,NA,NA,"0",NA,NA,"0",NA,NA,NA,NA,NA,NA,NA,NA,NA,NA,NA,NA,NA,NA,NA,NA,NA
"231","1000","2011_63",NA,"0","0.470267771337465","0.0391276094693157",NA,NA,NA,NA,NA,"0.0080293453528451","0.482575273840374","0",NA,NA,NA,NA,NA,NA,NA,NA,NA,"0",NA,NA,"0",NA,NA,NA,NA,NA,NA,NA,NA,NA,NA,NA,NA,NA,NA,NA,NA,NA
"232","500","2011_63",NA,"0.0430333045675972","0.433816247307185","0.0833079010728745",NA,NA,NA,NA,NA,"0","0.439842547052343","0",NA,NA,NA,NA,NA,NA,NA,NA,NA,"0",NA,NA,"0",NA,NA,NA,NA,NA,NA,NA,NA,NA,NA,NA,NA,NA,NA,NA,NA,NA
"233","4000","2011_65","0.0220811487819037","0.0919020089548512","0.437628616274109","0.0527724284895571","0.0059432231899637",NA,"0.0970417732524461",NA,"0.00182874084512929","0.0203731997999846","0.0865757884926247",NA,NA,NA,"0.00137580879997373","0.0885878388189682",NA,"0.0323382659730047",NA,NA,NA,"0.00243699152703309",NA,NA,"0.0591141668004506",NA,NA,NA,NA,NA,NA,NA,NA,NA,NA,NA,NA,NA,NA,NA,NA,NA
"234","3500","2011_65","0.0525033535420375","0.0278248947224175","0.281754821844024","0.0312762761183747","0.00359792054473767",NA,"0.253526274413348",NA,"0.00762175433864694","0.0170217578761098","0.154066844304585",NA,NA,NA,"0.00177764596367415","0.0585405311671291",NA,"0.0376549587896268",NA,NA,NA,"0",NA,NA,"0.0728329663752886",NA,NA,NA,NA,NA,NA,NA,NA,NA,NA,NA,NA,NA,NA,NA,NA,NA
"235","3000","2011_65","0.043580103524246","0.0142321404503471","0.206316635412511","0.0361964562241498","0.00357209070909298",NA,"0.311168182463592",NA,"0.000321225750141413","0.0123024907675871","0.231156267828189",NA,NA,NA,"0","0.0133232952072537",NA,"0.0227222535486111",NA,NA,NA,"0",NA,NA,"0.10510885811428",NA,NA,NA,NA,NA,NA,NA,NA,NA,NA,NA,NA,NA,NA,NA,NA,NA
"236","2500","2011_65","0.0421439738258093","0.0073645041927001","0.163563702733364","0.0438241162156867","0",NA,"0.265690253145417",NA,"0","0.0104920347689018","0.354529186140749",NA,NA,NA,"0","0",NA,"0.014765979398953",NA,NA,NA,"0",NA,NA,"0.0976262495784191",NA,NA,NA,NA,NA,NA,NA,NA,NA,NA,NA,NA,NA,NA,NA,NA,NA
"237","2000","2011_65","0.0201233922427004","0.00430248937994665","0.378411128524832","0.0581533549273082","0",NA,"0.108465023485513",NA,"0.00358233117591801","0.0061473798069204","0.327023561601951",NA,NA,NA,"0","0.00174184162359029",NA,"0.0457386730244584",NA,NA,NA,"0",NA,NA,"0.0463108242068613",NA,NA,NA,NA,NA,NA,NA,NA,NA,NA,NA,NA,NA,NA,NA,NA,NA
"238","1500","2011_65","0.207018085514637","0.0745753485055847","0.433058790970247","0.099316038742636","0",NA,"0.035653739161842",NA,"0.00359133284369147","0.00852814887125893","0.0576294271729352",NA,NA,NA,"0","0.0320259315151836",NA,"0.0486031567019837",NA,NA,NA,"0",NA,NA,"0",NA,NA,NA,NA,NA,NA,NA,NA,NA,NA,NA,NA,NA,NA,NA,NA,NA
"239","1000","2011_65","0.331957124728028","0.0541087964744667","0.454572812973598","0.101865123657409","0",NA,"0.0000347761822292088",NA,"0","0.0144755147818197","0.00785977978293802",NA,NA,NA,"0","0.0142807877642148",NA,"0.0208452836552963",NA,NA,NA,"0",NA,NA,"0",NA,NA,NA,NA,NA,NA,NA,NA,NA,NA,NA,NA,NA,NA,NA,NA,NA
"240","500","2011_65","0.582285329076439","0.0999596062771045","0.285268594879811","0.00385446303020891","0",NA,"0",NA,"0","0","0",NA,NA,NA,"0","0",NA,"0.0286320067364364",NA,NA,NA,"0",NA,NA,"0",NA,NA,NA,NA,NA,NA,NA,NA,NA,NA,NA,NA,NA,NA,NA,NA,NA
"241","4000","2011_66","0.123456036400431","0.00299174539522823","0.00446929334831528","0.0117518513357647",NA,"0.00381056348965272",NA,"0.0894057057095114",NA,"0.0698261486154793","0",NA,"0.00274678538905739",NA,NA,"0.187339242446552",NA,NA,NA,"0.0276825529477095","0",NA,"0","0",NA,"0.158241773280703","0","0.10087336114568","0.00553151396740796","0.193527103427185",NA,"0.0015513076448501","0.0145441904764348",NA,NA,"0.00225082498003899",NA,NA,NA,NA,"0",NA
"242","3500","2011_66","0.141104566213309","0.00178520354295994","0.0105279402612905","0.00555794242930596",NA,"0.00330742793601908",NA,"0.0617314397883912",NA,"0.0477509904003531","0.00177114208586213",NA,"0.0114314492219066",NA,NA,"0.347992368990339",NA,NA,NA,"0.0196845139468919","0",NA,"0","0",NA,"0.194011619649691","0","0.0993213521637357","0","0.0424000474234847",NA,"0.00159242964434601","0.00591133203953891",NA,NA,"0.000819100744263827",NA,NA,NA,NA,"0.00329913351831174",NA
"243","3000","2011_66","0.109143900106508","0.00179899246460071","0.0322088074087077","0.0083442590623365",NA,"0.00836831653234771",NA,"0.00369955533830168",NA,"0.0950368647989093","0.00181561055026246",NA,"0.0139058567179026",NA,NA,"0.434748015495035",NA,NA,NA,"0.0102241476849897","0",NA,"0","0",NA,"0.173038288945473","0.000434688189777322","0.0851986530685763","0","0.00946646847702555",NA,"0","0.0125577726660213",NA,NA,"0",NA,NA,NA,NA,"0.00000980249322572281",NA
"244","2500","2011_66","0.0570688679188587","0","0.0478117879097206","0.00899266238203275",NA,"0.00410424529505695",NA,"0",NA,"0.0885771264587082","0",NA,"0.0121314974363217",NA,NA,"0.447680155919621",NA,NA,NA,"0.0223792380850148","0",NA,"0","0.0047773959079311",NA,"0.0706122181764412","0.00424611034278389","0.210356382239489","0","0.00215272829629561",NA,"0.0047773959079311","0.0143321877237933",NA,NA,"0",NA,NA,NA,NA,"0",NA
"245","2000","2011_66","0.0118970764135951","0","0.0291882828730889","0.00394832013993338",NA,"0",NA,"0",NA,"0.106913021831679","0",NA,"0.0200448002937931",NA,NA,"0.391606407486627",NA,NA,NA,"0.0418937998543322","0.000388166978178701",NA,"0","0",NA,"0.0111385573280482","0.00614236616737199","0.347776466858665","0","0.00614236616737199",NA,"0","0.0229203676073154",NA,NA,"0",NA,NA,NA,NA,"0",NA
"246","1500","2011_66","0.00589686857684288","0.0038660793612773","0","0.0202702897013492",NA,"0.00000806218911593313",NA,"0",NA,"0.0672178598479588","0",NA,"0.0350649049432135",NA,NA,"0.288282907373028",NA,NA,NA,"0.0105875991998464","0.0494684146446709",NA,"0.0132023092384696","0",NA,"0","0.00859931263189992","0.495226656416906","0","0",NA,"0","0.00230873587542174",NA,NA,"0",NA,NA,NA,NA,"0",NA
"247","1000","2011_66","0","0.00788872212006318","0","0.0429896081814328",NA,"0.0143187507434523",NA,"0",NA,"0.0345588012266627","0",NA,"0.070462956958822",NA,NA,"0.154869324532794",NA,NA,NA,"0.0222107610405782","0.00264004563258437",NA,"0.00666052671087539","0",NA,"0","0","0.629068315128617","0","0",NA,"0","0.0143321877241187",NA,NA,"0",NA,NA,NA,NA,"0",NA
"248","500","2011_66","0","0","0","0.0000208649666508705",NA,"0",NA,"0",NA,"0.0683098489992098","0",NA,"0.00814065133335235",NA,NA,"0",NA,NA,NA,"0.00934074526432453","0",NA,"0","0",NA,"0","0","0.914187889436462","0","0",NA,"0","0",NA,NA,"0",NA,NA,NA,NA,"0",NA
"249","4000","2011_68","0.0446078542189468","0.245382334835929","0.110777862102957","0.0168722235981657","0.00301352125872742","0.179387520158859","0.00167783990807796","0.00301352125872742",NA,"0.0568691964720483","0.0602565966854352",NA,NA,NA,"0.00681476716673401","0.0150676062936371","0","0.116050156473296",NA,NA,NA,"0.137195478309731",NA,NA,"0.00301352125872742",NA,NA,NA,NA,NA,NA,NA,NA,NA,NA,NA,NA,NA,NA,NA,NA,NA
"250","3500","2011_68","0.0105226791343145","0.282936708269429","0.144834119480114","0.0153292907790216","0.00127063039673576","0.214833360530555","0","0",NA,"0.0654041709454923","0.0606505308989706",NA,NA,NA,"0.00432149474547801","0.00660543426174165","0.00400698420679609","0.088269159473833",NA,NA,NA,"0.101015436877518",NA,NA,"0",NA,NA,NA,NA,NA,NA,NA,NA,NA,NA,NA,NA,NA,NA,NA,NA,NA
"251","3000","2011_68","0.0264152143470318","0.331474136506348","0.130163312344492","0.020966057201174","0.00282244718833168","0.22751921553853","0","0",NA,"0.0685475593027975","0.0407429459445552",NA,NA,NA,"0.00933209356094666","0.0098491569017078","0.00700079327790577","0.0672723956762239",NA,NA,NA,"0.0578946722099569",NA,NA,"0",NA,NA,NA,NA,NA,NA,NA,NA,NA,NA,NA,NA,NA,NA,NA,NA,NA
"252","2500","2011_68","0.13456279991468","0.209436207345777","0.277445775784396","0.00938783662454521","0.0138495066725958","0.204172443388168","0","0.0125421206385716",NA,"0.0689677259189577","0.0193342265187946",NA,NA,NA,"0.000225544636540007","0.00232827739791883","0","0.0000521963668634844",NA,NA,NA,"0.0476953387921911",NA,NA,"0",NA,NA,NA,NA,NA,NA,NA,NA,NA,NA,NA,NA,NA,NA,NA,NA,NA
"253","2000","2011_68","0.262829015561737","0.092697245575599","0.293147099922753","0.0216440822613683","0.0214581556878521","0.216992604067849","0","0.00963939765733035",NA,"0.0207632063197185","0",NA,NA,NA,"0","0","0","0",NA,NA,NA,"0.0608291929457928",NA,NA,"0",NA,NA,NA,NA,NA,NA,NA,NA,NA,NA,NA,NA,NA,NA,NA,NA,NA
"254","1500","2011_68","0.276830061365928","0.0432392897133229","0.319275755745272","0.0157847060516204","0.0613333012065799","0.154292134865837","0","0.0327821038561329",NA,"0.0272774798194084","0.02581990414863",NA,NA,NA,"0","0","0","0",NA,NA,NA,"0.0433652632272682",NA,NA,"0",NA,NA,NA,NA,NA,NA,NA,NA,NA,NA,NA,NA,NA,NA,NA,NA,NA
"255","1000","2011_68","0.279919293995755","0.0143443911935854","0.443034522495318","0.0509710078093811","0.0485042847718103","0.135750201872177","0","0",NA,"0.00692912085057214","0",NA,NA,NA,"0","0","0","0",NA,NA,NA,"0.0205471770114018",NA,NA,"0",NA,NA,NA,NA,NA,NA,NA,NA,NA,NA,NA,NA,NA,NA,NA,NA,NA
"256","500","2011_68","0.201101405116162","0","0.638591803048604","0.10528601804855","0","0.0550207737866842","0","0",NA,"0","0",NA,NA,NA,"0","0","0","0",NA,NA,NA,"0",NA,NA,"0",NA,NA,NA,NA,NA,NA,NA,NA,NA,NA,NA,NA,NA,NA,NA,NA,NA
"257","4000","2011_70","0.132515185837817","0.220237120466894","0.33008341890786","0.0186430097364399","0.0219415875910469","0.0258616976410789","0.00859351036703855","0.094521743232975",NA,"0.000729467753126979","0.141832134897188","0.00504112356853406","0",NA,NA,NA,NA,NA,NA,NA,NA,NA,NA,NA,NA,NA,NA,NA,NA,NA,NA,NA,NA,NA,NA,NA,NA,NA,NA,NA,NA,NA
"258","3500","2011_70","0.222853830831331","0.206488034218052","0.339764251859459","0.0159287317481143","0.0000243156397654161","0.0661239532615223","0.0015213693153329","0.0309822965591526",NA,"0.00459920790235169","0.0980300672679392","0.0136839413969804","0",NA,NA,NA,NA,NA,NA,NA,NA,NA,NA,NA,NA,NA,NA,NA,NA,NA,NA,NA,NA,NA,NA,NA,NA,NA,NA,NA,NA,NA
"259","3000","2011_70","0.283947281265778","0.211782984767217","0.359222358261625","0.014623407206143","0","0.0373508561936788","0.00206344755900839","0.0175070878000635",NA,"0.000121896606687229","0.0646101663258013","0.00877051401399759","0",NA,NA,NA,NA,NA,NA,NA,NA,NA,NA,NA,NA,NA,NA,NA,NA,NA,NA,NA,NA,NA,NA,NA,NA,NA,NA,NA,NA,NA
"260","2500","2011_70","0.371118381839467","0.144904468503557","0.385947424021182","0.0147577358204436","0.0379016480017705","0.0262168781476592","0.0000523387676651451","0.00138438750867591",NA,"0","0.00482544018922846","0.0128912972003506","0",NA,NA,NA,NA,NA,NA,NA,NA,NA,NA,NA,NA,NA,NA,NA,NA,NA,NA,NA,NA,NA,NA,NA,NA,NA,NA,NA,NA,NA
"261","2000","2011_70","0.544499801620057","0.117196293802571","0.255760229303381","0.0348260659778352","0.00251818847868192","0.037172474176312","0","0",NA,"0","0","0.00495324636204511","0.00307370027911684",NA,NA,NA,NA,NA,NA,NA,NA,NA,NA,NA,NA,NA,NA,NA,NA,NA,NA,NA,NA,NA,NA,NA,NA,NA,NA,NA,NA,NA
"262","1500","2011_70","0.750433588489718","0.0307122293850068","0.188939073132954","0.0299151089923208","0","0","0","0",NA,"0","0","0","0",NA,NA,NA,NA,NA,NA,NA,NA,NA,NA,NA,NA,NA,NA,NA,NA,NA,NA,NA,NA,NA,NA,NA,NA,NA,NA,NA,NA,NA
"263","1000","2011_70","0.637423470381233","0.0133058583157792","0.295413113431402","0.0538267423716291","0","0","0","0",NA,"0","0","0","0.0000308154999567453",NA,NA,NA,NA,NA,NA,NA,NA,NA,NA,NA,NA,NA,NA,NA,NA,NA,NA,NA,NA,NA,NA,NA,NA,NA,NA,NA,NA,NA
"264","500","2011_70","0.542029779247581","0.00311422895770067","0.276687645293072","0.156744891047406","0","0","0","0",NA,"0","0","0","0.0214234554542407",NA,NA,NA,NA,NA,NA,NA,NA,NA,NA,NA,NA,NA,NA,NA,NA,NA,NA,NA,NA,NA,NA,NA,NA,NA,NA,NA,NA,NA
"265","4000","2011_72","0.0241472142394803","0.419181427288525","0.242822207270166","0.00663895787134787","0.0150565044658116","0.219373516587383","0.0125502627511231","0.00279345252917454",NA,"0.0160472045514065","0.00424698959682899",NA,NA,NA,"0.00212349479841449","0.00393805361487581","0.00180545267415036",NA,NA,NA,NA,"0.0284298278882692",NA,NA,"0.000845433873043562",NA,NA,NA,NA,NA,NA,NA,NA,NA,NA,NA,NA,NA,NA,NA,NA,"0"
"266","3500","2011_72","0.123572993208615","0.256844244557584","0.301920191499033","0.00365252187777077","0.0122607629861058","0.268202667480813","0","0.00799750919329947",NA,"0.0147115352260269","0",NA,NA,NA,"0.0019373416516946","0.00243156841664725","0.00244067133044502",NA,NA,NA,NA,"0.00275038475432921",NA,NA,"0.00127760781763592",NA,NA,NA,NA,NA,NA,NA,NA,NA,NA,NA,NA,NA,NA,NA,NA,"0"
"267","3000","2011_72","0.177706303551977","0.229656805037651","0.36682713959901","0.00456209646009563","0.0117525280712792","0.172492502915659","0.00251669599249032","0.0147432373574458",NA,"0.00426495810142449","0",NA,NA,NA,"0.00615507429179257","0","0",NA,NA,NA,NA,"0.00680596262868354",NA,NA,"0",NA,NA,NA,NA,NA,NA,NA,NA,NA,NA,NA,NA,NA,NA,NA,NA,"0.00251669599249032"
"268","2500","2011_72","0.212241045516969","0.252031795622005","0.406446897842395","0.00238078718570761","0.00280571913608247","0.094393294504585","0","0.0114721981168924",NA,"0.0153848321429148","0",NA,NA,NA,"0.00283648169388436","0","0",NA,NA,NA,NA,"0.00000694823856424877",NA,NA,"0",NA,NA,NA,NA,NA,NA,NA,NA,NA,NA,NA,NA,NA,NA,NA,NA,"0"
"269","2000","2011_72","0.222473386406874","0.196510056856208","0.430016635317112","0.0109163927347165","0.0000254225342950126","0.0876263976540439","0","0.00815316284547343",NA,"0.00867611909887051","0",NA,NA,NA,"0.00751054213625527","0.00345707955512712","0",NA,NA,NA,NA,"0.021177725305897",NA,NA,"0",NA,NA,NA,NA,NA,NA,NA,NA,NA,NA,NA,NA,NA,NA,NA,NA,"0.00345707955512712"
"270","1500","2011_72","0.0061624426689788","0.1212100599382","0.610439838214966","0.0061624426689788","0","0.197345625451005","0","0.0101162900874658",NA,"0.0064537627274851","0.0061624426689788",NA,NA,NA,"0.00903169531119632","0","0",NA,NA,NA,NA,"0.0269154002627455",NA,NA,"0",NA,NA,NA,NA,NA,NA,NA,NA,NA,NA,NA,NA,NA,NA,NA,NA,"0"
"271","1000","2011_72","0.0104561969069012","0.115869263712507","0.71017401236449","0.00833448306011073","0","0.135638884703035","0","0",NA,"0.00898787065779814","0",NA,NA,NA,"0.0104561969069012","0","0",NA,NA,NA,NA,"0.0000830916882565584",NA,NA,"0",NA,NA,NA,NA,NA,NA,NA,NA,NA,NA,NA,NA,NA,NA,NA,NA,"0"
"272","500","2011_72","0","0.197804837330525","0.790414284982269","0.00696249920486031","0","0","0","0",NA,"0.00481837848234521","0",NA,NA,NA,"0","0","0",NA,NA,NA,NA,"0",NA,NA,"0",NA,NA,NA,NA,NA,NA,NA,NA,NA,NA,NA,NA,NA,NA,NA,NA,"0"
