"","ringfinal","SiteID","23","122","176","121","21","24","42","61","37","36","53","38","152","131","31","142","41","12","229","68","1","43","49","123","69","52","59","28","34","190","195","124","205","57","66","141","33","111","35","6","206","143"
"1","4000","2012_1","0.276552595288258","0.00485352966088788","0.0337173043057059","0.0183910512055835","0.0491985834946517","0.311114148148882","0.231605535963511","0.0688528008681483","0.00168983389286018","0.00253146277502375","0.00149315439648794","0","0","0",NA,NA,NA,NA,NA,NA,NA,NA,NA,NA,NA,NA,NA,NA,NA,NA,NA,NA,NA,NA,NA,NA,NA,NA,NA,NA,NA,NA
"2","3500","2012_1","0.366288417922011","0.00221962671788458","0.0451777770803745","0.0237530366344961","0.0627407626368949","0.268391521752627","0.187062238003047","0.0423808812177279","0","0","0.0010109078317064","0","0","0.000974830203230239",NA,NA,NA,NA,NA,NA,NA,NA,NA,NA,NA,NA,NA,NA,NA,NA,NA,NA,NA,NA,NA,NA,NA,NA,NA,NA,NA,NA
"3","3000","2012_1","0.228739039842138","0.0122248116711534","0.08075654976579","0.0322737359687269","0.0358376549693899","0.281149225552219","0.231502288724219","0.0931216943810558","0","0","0.00105261563670906","0","0.00112359338193416","0.00221879010666444",NA,NA,NA,NA,NA,NA,NA,NA,NA,NA,NA,NA,NA,NA,NA,NA,NA,NA,NA,NA,NA,NA,NA,NA,NA,NA,NA,NA
"4","2500","2012_1","0.122433581333168","0.00549561305606467","0.154550246159373","0.0517126333732508","0.027660275907344","0.323755260583549","0.16642143490294","0.140403606544298","0","0.00344605474269707","0","0","0.0041212933973158","0",NA,NA,NA,NA,NA,NA,NA,NA,NA,NA,NA,NA,NA,NA,NA,NA,NA,NA,NA,NA,NA,NA,NA,NA,NA,NA,NA,NA
"5","2000","2012_1","0.263355588362502","0","0.0904356508225319","0.0417982776820528","0.0336642448527215","0.494095348158944","0.0139143687720167","0.0583337089055029","0.00176706306962529","0.000868815827731037","0","0.00176693354637267","0","0",NA,NA,NA,NA,NA,NA,NA,NA,NA,NA,NA,NA,NA,NA,NA,NA,NA,NA,NA,NA,NA,NA,NA,NA,NA,NA,NA,NA
"6","1500","2012_1","0.270318556599208","0","0.075690648716982","0.0170899995216489","0.0345690189799372","0.481490379346555","0.0476962745823203","0.0731451222533488","0","0","0","0","0","0",NA,NA,NA,NA,NA,NA,NA,NA,NA,NA,NA,NA,NA,NA,NA,NA,NA,NA,NA,NA,NA,NA,NA,NA,NA,NA,NA,NA
"7","1000","2012_1","0.342560551465116","0","0.0893271555174873","0.025004790146256","0.0642097686422531","0.373892156784774","0.0468923455495263","0.0498463728340198","0.00826685906056695","0","0","0","0","0",NA,NA,NA,NA,NA,NA,NA,NA,NA,NA,NA,NA,NA,NA,NA,NA,NA,NA,NA,NA,NA,NA,NA,NA,NA,NA,NA,NA
"8","500","2012_1","0.396197184617679","0","0.0438266906351804","0","0.0746997766348671","0.420700346814551","0.0645760012977232","0","0","0","0","0","0","0",NA,NA,NA,NA,NA,NA,NA,NA,NA,NA,NA,NA,NA,NA,NA,NA,NA,NA,NA,NA,NA,NA,NA,NA,NA,NA,NA,NA
"9","4000","2012_2","0.217333525098866",NA,"0","0.0670665609551974","0.0170625086025528","0.207528073593543",NA,"0.49100933174984","0",NA,NA,NA,"0",NA,NA,NA,NA,NA,NA,NA,NA,NA,NA,NA,NA,NA,NA,NA,NA,NA,NA,NA,NA,NA,NA,NA,NA,NA,NA,NA,NA,NA
"10","3500","2012_2","0.247588111754188",NA,"0","0.0119828299442484","0.00670558679260962","0.265712125988014",NA,"0.46801134552094","0",NA,NA,NA,"0",NA,NA,NA,NA,NA,NA,NA,NA,NA,NA,NA,NA,NA,NA,NA,NA,NA,NA,NA,NA,NA,NA,NA,NA,NA,NA,NA,NA,NA
"11","3000","2012_2","0.235610094705491",NA,"0.00415763371959984","0.016320934992522","0.0130211908414503","0.267842929194421",NA,"0.462290494865705","0.00007544313967863",NA,NA,NA,"0.000681278541132033",NA,NA,NA,NA,NA,NA,NA,NA,NA,NA,NA,NA,NA,NA,NA,NA,NA,NA,NA,NA,NA,NA,NA,NA,NA,NA,NA,NA,NA
"12","2500","2012_2","0.174503416852867",NA,"0.00583797883082319","0.0338014645672976","0.0412507713556833","0.287704290680694",NA,"0.452366795439818","0.00263797086554801",NA,NA,NA,"0.00189731140726888",NA,NA,NA,NA,NA,NA,NA,NA,NA,NA,NA,NA,NA,NA,NA,NA,NA,NA,NA,NA,NA,NA,NA,NA,NA,NA,NA,NA,NA
"13","2000","2012_2","0.248379188679911",NA,"0.00871099073361064","0.0691648309448911","0.0821851402709438","0.260342771052434",NA,"0.319612347278976","0.0017558216035334",NA,NA,NA,"0.00984890943570054",NA,NA,NA,NA,NA,NA,NA,NA,NA,NA,NA,NA,NA,NA,NA,NA,NA,NA,NA,NA,NA,NA,NA,NA,NA,NA,NA,NA,NA
"14","1500","2012_2","0.505534266199846",NA,"0.0633358800827974","0.0407135448177823","0.179684157569022","0.15698286391174",NA,"0.029511809502766","0",NA,NA,NA,"0.0242374779160462",NA,NA,NA,NA,NA,NA,NA,NA,NA,NA,NA,NA,NA,NA,NA,NA,NA,NA,NA,NA,NA,NA,NA,NA,NA,NA,NA,NA,NA
"15","1000","2012_2","0.700725065016238",NA,"0.0463734183666953","0","0.231335955217764","0.00292958141075379",NA,"0.00821359403861501","0",NA,NA,NA,"0.0104223859499336",NA,NA,NA,NA,NA,NA,NA,NA,NA,NA,NA,NA,NA,NA,NA,NA,NA,NA,NA,NA,NA,NA,NA,NA,NA,NA,NA,NA,NA
"16","500","2012_2","0.661798857344063",NA,"0","0","0.247643791188426","0.090557351467511",NA,"0","0",NA,NA,NA,"0",NA,NA,NA,NA,NA,NA,NA,NA,NA,NA,NA,NA,NA,NA,NA,NA,NA,NA,NA,NA,NA,NA,NA,NA,NA,NA,NA,NA,NA
"17","4000","2012_8","0.0482446143220019",NA,"0.210390213798846","0.0208716178539072","0.0820424176664827","0.382869316852258","0.124858271131232","0.111338125577895","0.000844130377214368","0.00168535690426739","0.0000591977460321606",NA,"0.00168677197932338",NA,"0.000201813289844559","0.0149081525006951",NA,NA,NA,NA,NA,NA,NA,NA,NA,NA,NA,NA,NA,NA,NA,NA,NA,NA,NA,NA,NA,NA,NA,NA,NA,NA
"18","3500","2012_8","0.0155412348161851",NA,"0.0662605540346306","0.00591224532543915","0.157028740727412","0.448517502726084","0.230515494151715","0.0686070003213024","0","0","0.00594179156147096",NA,"0.000951595390168431",NA,"0.000723840945592782","0",NA,NA,NA,NA,NA,NA,NA,NA,NA,NA,NA,NA,NA,NA,NA,NA,NA,NA,NA,NA,NA,NA,NA,NA,NA,NA
"19","3000","2012_8","0.024360869772532",NA,"0.0616586125087254","0.00643947791398717","0.211279224863337","0.406453440853373","0.241486873635334","0.038552634364816","0","0","0.00864413590448734",NA,"0.00112473018340866",NA,"0","0",NA,NA,NA,NA,NA,NA,NA,NA,NA,NA,NA,NA,NA,NA,NA,NA,NA,NA,NA,NA,NA,NA,NA,NA,NA,NA
"20","2500","2012_8","0.0516886704881485",NA,"0.0557335928457796","0.00870543534397024","0.193935634285785","0.452831503973473","0.214997474217573","0.0152323961008939","0.0013749457959647","0","0.00550034694841209",NA,"0",NA,"0","0",NA,NA,NA,NA,NA,NA,NA,NA,NA,NA,NA,NA,NA,NA,NA,NA,NA,NA,NA,NA,NA,NA,NA,NA,NA,NA
"21","2000","2012_8","0.0253775092788151",NA,"0.0782751602355314","0.0126383879443088","0.0881528550584888","0.593594879155503","0.185715989854639","0.0158976034423636","0","0","0.000347615030350823",NA,"0",NA,"0","0",NA,NA,NA,NA,NA,NA,NA,NA,NA,NA,NA,NA,NA,NA,NA,NA,NA,NA,NA,NA,NA,NA,NA,NA,NA,NA
"22","1500","2012_8","0.0165498772438949",NA,"0.0726732996969499","0.00707073577572638","0.145535957708403","0.524687158378202","0.21523832784023","0.00497961024032729","0","0","0.0132650331162678",NA,"0",NA,"0","0",NA,NA,NA,NA,NA,NA,NA,NA,NA,NA,NA,NA,NA,NA,NA,NA,NA,NA,NA,NA,NA,NA,NA,NA,NA,NA
"23","1000","2012_8","0.041746530682928",NA,"0.0545622233102235","0.0257836878266006","0.188444155711843","0.242145937186923","0.102940896099693","0","0.00827392049384987","0","0.33610264868794",NA,"0",NA,"0","0",NA,NA,NA,NA,NA,NA,NA,NA,NA,NA,NA,NA,NA,NA,NA,NA,NA,NA,NA,NA,NA,NA,NA,NA,NA,NA
"24","500","2012_8","0.05186046714294",NA,"0.0449141706449158","0.122273849469506","0.10022972277694","0.277594327264027","0.0125187512301141","0","0","0","0.390608711471556",NA,"0",NA,"0","0",NA,NA,NA,NA,NA,NA,NA,NA,NA,NA,NA,NA,NA,NA,NA,NA,NA,NA,NA,NA,NA,NA,NA,NA,NA,NA
"25","4000","2012_9",NA,"0","0.19215113563999","0.00906364272625406",NA,"0.308833321122453",NA,"0.453591256205183",NA,NA,NA,NA,"0.0363606443061206",NA,NA,NA,NA,NA,NA,NA,NA,NA,NA,NA,NA,NA,NA,NA,NA,NA,NA,NA,NA,NA,NA,NA,NA,NA,NA,NA,NA,NA
"26","3500","2012_9",NA,"0.000647211331553506","0.118824519376076","0.00912483062474169",NA,"0.409780993691562",NA,"0.425034482368484",NA,NA,NA,NA,"0.0365879626075822",NA,NA,NA,NA,NA,NA,NA,NA,NA,NA,NA,NA,NA,NA,NA,NA,NA,NA,NA,NA,NA,NA,NA,NA,NA,NA,NA,NA,NA
"27","3000","2012_9",NA,"0.00149039972874707","0.130425870818108","0.0117171856818518",NA,"0.458349075886614",NA,"0.372043469552254",NA,NA,NA,NA,"0.0259739983324252",NA,NA,NA,NA,NA,NA,NA,NA,NA,NA,NA,NA,NA,NA,NA,NA,NA,NA,NA,NA,NA,NA,NA,NA,NA,NA,NA,NA,NA
"28","2500","2012_9",NA,"0","0.0795830166312972","0.0157558725122808",NA,"0.576345378817798",NA,"0.294038888677087",NA,NA,NA,NA,"0.034276843361537",NA,NA,NA,NA,NA,NA,NA,NA,NA,NA,NA,NA,NA,NA,NA,NA,NA,NA,NA,NA,NA,NA,NA,NA,NA,NA,NA,NA,NA
"29","2000","2012_9",NA,"0","0.00113000282625031","0.0199666284740953",NA,"0.776009740584683",NA,"0.200662219292489",NA,NA,NA,NA,"0.00223140882248254",NA,NA,NA,NA,NA,NA,NA,NA,NA,NA,NA,NA,NA,NA,NA,NA,NA,NA,NA,NA,NA,NA,NA,NA,NA,NA,NA,NA,NA
"30","1500","2012_9",NA,"0","0","0.0289905193982133",NA,"0.802331875630658",NA,"0.166193166096418",NA,NA,NA,NA,"0.00248443887471041",NA,NA,NA,NA,NA,NA,NA,NA,NA,NA,NA,NA,NA,NA,NA,NA,NA,NA,NA,NA,NA,NA,NA,NA,NA,NA,NA,NA,NA
"31","1000","2012_9",NA,"0","0","0.0634783076150819",NA,"0.846247756735243",NA,"0.086126005361371",NA,NA,NA,NA,"0.00414793028830453",NA,NA,NA,NA,NA,NA,NA,NA,NA,NA,NA,NA,NA,NA,NA,NA,NA,NA,NA,NA,NA,NA,NA,NA,NA,NA,NA,NA,NA
"32","500","2012_9",NA,"0","0","0",NA,"1",NA,"0",NA,NA,NA,NA,"0",NA,NA,NA,NA,NA,NA,NA,NA,NA,NA,NA,NA,NA,NA,NA,NA,NA,NA,NA,NA,NA,NA,NA,NA,NA,NA,NA,NA,NA
"33","4000","2012_10","0.000851548741892606","0.000851549277174264","0.0380030952154384","0.0150367815033601",NA,"0.471793067037065","0.0962068469327221","0","0.000650486746120012","0.00314564312483054",NA,NA,"0.0458380765379804",NA,NA,NA,"0.00293471853653273","0.0762004014143535","0.00170278814739666","0.00681134910095022","0.00670350168806489","0.230715453872476","0.00255469212364251","0","0",NA,NA,NA,NA,NA,NA,NA,NA,NA,NA,NA,NA,NA,NA,NA,NA,NA
"34","3500","2012_10","0.00557109212570773","0.00174833868258694","0.0518556302427428","0.00839210518436413",NA,"0.448453864562348","0.121703159487205","0","0.00214577034509834","0.00297739949503519",NA,NA,"0.0624141480014305",NA,NA,NA,"0.000530790459233312","0.0830764730039968","0","0.00863624986975762","0.00671806851232388","0.19577691002817","0","0","0",NA,NA,NA,NA,NA,NA,NA,NA,NA,NA,NA,NA,NA,NA,NA,NA,NA
"35","3000","2012_10","0.00248942707502926","0.000202285262600584","0.0365332146362621","0.0173569945168416",NA,"0.428836422284709","0.107475900301796","0","0.00113425422719352","0.0121833702045275",NA,NA,"0.0434950963859646",NA,NA,NA,"0","0.128942526598847","0","0","0.00113446535274625","0.205521589254591","0.0124179284669527","0","0.00227652543193953",NA,NA,NA,NA,NA,NA,NA,NA,NA,NA,NA,NA,NA,NA,NA,NA,NA
"36","2500","2012_10","0.00239494299674583","0.00138692785890616","0.0246937020498256","0.0237171568626324",NA,"0.519474831813638","0.0669556632446027","0","0","0.00576381568803654",NA,NA,"0.0366522707890879",NA,NA,NA,"0","0.160968474328933","0","0","0","0.146834622006509","0.00978018430598162","0","0.00137740805510135",NA,NA,NA,NA,NA,NA,NA,NA,NA,NA,NA,NA,NA,NA,NA,NA,NA
"37","2000","2012_10","0.0193665363573994","0","0.0134953838827016","0.0260637781895546",NA,"0.499435803372897","0.139986640815992","0.00286305456391419","0.00178368896298309","0.0000863266760280954",NA,NA,"0.0258189694544251",NA,NA,NA,"0","0.101831418490482","0","0","0","0.167506814992816","0.00176158424080689","0","0",NA,NA,NA,NA,NA,NA,NA,NA,NA,NA,NA,NA,NA,NA,NA,NA,NA
"38","1500","2012_10","0.00853707709989794","0.00835786427083281","0.0769611316394732","0.0535907697625227",NA,"0.469185748455749","0.0992246193827652","0.00848540411227586","0","0.00487717025489805",NA,NA,"0.0780495589727146",NA,NA,NA,"0","0.0806034839878392","0","0.00499814350528923","0","0.104598536433552","0.0000311134109825031","0.00249937871120814","0",NA,NA,NA,NA,NA,NA,NA,NA,NA,NA,NA,NA,NA,NA,NA,NA,NA
"39","1000","2012_10","0.00940371671601602","0.0135551924959278","0.133105489341666","0.090260244058905",NA,"0.46089905460996","0.0427080046863361","0","0","0",NA,NA,"0.152863694729333",NA,NA,NA,"0","0.0952928087509466","0","0","0","0.0019117946109103","0","0","0",NA,NA,NA,NA,NA,NA,NA,NA,NA,NA,NA,NA,NA,NA,NA,NA,NA
"40","500","2012_10","0.00942272118107818","0.00514072397673776","0.0543298537693243","0.248423463774472",NA,"0.472638829531782","0.0125966832501535","0","0","0",NA,NA,"0.187159885476485",NA,NA,NA,"0","0.010287839039967","0","0","0","0","0","0","0",NA,NA,NA,NA,NA,NA,NA,NA,NA,NA,NA,NA,NA,NA,NA,NA,NA
"41","4000","2012_11","0.142386039289763",NA,"0.0299600473737371","0.0158472151725906","0.361532126605147","0.239737552408311","0.208000534927779","0","0",NA,"0",NA,NA,NA,"0.000845495152494838","0",NA,NA,NA,NA,NA,NA,NA,NA,NA,"0.00169098907017775",NA,NA,NA,NA,NA,NA,NA,NA,NA,NA,NA,NA,NA,NA,NA,NA
"42","3500","2012_11","0.215195291060028",NA,"0.0439256533308294","0.02356339708491","0.210634175951731","0.3049568965201","0.200773826581808","0","0",NA,"0",NA,NA,NA,"0","0",NA,NA,NA,NA,NA,NA,NA,NA,NA,"0.000950759470592518",NA,NA,NA,NA,NA,NA,NA,NA,NA,NA,NA,NA,NA,NA,NA,NA
"43","3000","2012_11","0.236188783991141",NA,"0.0168319249423031","0.0216425500667428","0.237988424799045","0.276826271201209","0.209398068102272","0","0",NA,"0.00112397689728739",NA,NA,NA,"0","0",NA,NA,NA,NA,NA,NA,NA,NA,NA,"0",NA,NA,NA,NA,NA,NA,NA,NA,NA,NA,NA,NA,NA,NA,NA,NA
"44","2500","2012_11","0.15505027692232",NA,"0.0221134478701028","0.0324116444041783","0.245086730629919","0.278859738428176","0.261504169379534","0","0.000851532460691548",NA,"0.00412245990507892",NA,NA,NA,"0","0",NA,NA,NA,NA,NA,NA,NA,NA,NA,"0",NA,NA,NA,NA,NA,NA,NA,NA,NA,NA,NA,NA,NA,NA,NA,NA
"45","2000","2012_11","0.229489568089217",NA,"0.0224277971231189","0.044112274303245","0.17782453429642","0.323660762605253","0.188442243992585","0.00176753693123942","0.00420745655820409",NA,"0",NA,NA,NA,"0","0.00806782610071688",NA,NA,NA,NA,NA,NA,NA,NA,NA,"0",NA,NA,NA,NA,NA,NA,NA,NA,NA,NA,NA,NA,NA,NA,NA,NA
"46","1500","2012_11","0.383184848171715",NA,"0.0145512340563299","0.0133932771185992","0.0525384550436147","0.169604813620991","0.32978085285132","0","0",NA,"0.00164671815459016",NA,NA,NA,"0","0.0352998009828393",NA,NA,NA,NA,NA,NA,NA,NA,NA,"0",NA,NA,NA,NA,NA,NA,NA,NA,NA,NA,NA,NA,NA,NA,NA,NA
"47","1000","2012_11","0.554001717737326",NA,"0.00438519481821147","0.0490415640821389","0.0119783635191117","0.0867247427167483","0.217308439168511","0","0",NA,"0.00551883546108403",NA,NA,NA,"0","0.0710411424968691",NA,NA,NA,NA,NA,NA,NA,NA,NA,"0",NA,NA,NA,NA,NA,NA,NA,NA,NA,NA,NA,NA,NA,NA,NA,NA
"48","500","2012_11","0.65691489760148",NA,"0","0","0","0.230537856975144","0","0","0",NA,"0",NA,NA,NA,"0","0.112547245423376",NA,NA,NA,NA,NA,NA,NA,NA,NA,"0",NA,NA,NA,NA,NA,NA,NA,NA,NA,NA,NA,NA,NA,NA,NA,NA
"49","4000","2012_13","0.00258216839979676","0","0.0478427718113917","0.0503660757360781","0.0070018669028173","0.568714364110964",NA,"0.0706295887148936","0.000473788853590232","0.0415710955401515","0.187125081181435",NA,"0.0179953443016181",NA,NA,NA,NA,NA,NA,"0.000860726541205132",NA,NA,NA,"0","0.000878845345098253",NA,"0.0039582825609606",NA,NA,NA,NA,NA,NA,NA,NA,NA,NA,NA,NA,NA,NA,NA
"50","3500","2012_13","0.000968276812598849","0.00096818616574424","0.0798230472439298","0.0513980495229447","0.00185699780989268","0.293184473863727",NA,"0.156607463878776","0.00237190576491293","0.0561094444752673","0.338373386310108",NA,"0.0145021043353542",NA,NA,NA,NA,NA,NA,"0",NA,NA,NA,"0.000968298963424092","0.000948157347841504",NA,"0.00192020750547892",NA,NA,NA,NA,NA,NA,NA,NA,NA,NA,NA,NA,NA,NA,NA
"51","3000","2012_13","0.00343323385446084","0.0110875473743901","0.0145755308345925","0.0411596650750406","0","0.180055722566496",NA,"0.0999657476876239","0","0.00328406243624824","0.639431497593221",NA,"0.00700699257792705",NA,NA,NA,NA,NA,NA,"0",NA,NA,NA,"0","0",NA,"0",NA,NA,NA,NA,NA,NA,NA,NA,NA,NA,NA,NA,NA,NA,NA
"52","2500","2012_13","0","0.000437656077430937","0","0.0740628876910933","0.00139910724087674","0.214622742128219",NA,"0.026575460186527","0","0","0.682902146675853",NA,"0",NA,NA,NA,NA,NA,NA,"0",NA,NA,NA,"0","0",NA,"0",NA,NA,NA,NA,NA,NA,NA,NA,NA,NA,NA,NA,NA,NA,NA
"53","2000","2012_13","0","0","0","0.0168252434783154","0.00876585464306714","0.290923491714501",NA,"0.0015213138008633","0","0","0.681964096363253",NA,"0",NA,NA,NA,NA,NA,NA,"0",NA,NA,NA,"0","0",NA,"0",NA,NA,NA,NA,NA,NA,NA,NA,NA,NA,NA,NA,NA,NA,NA
"54","1500","2012_13","0","0","0","0","0.00536885441313048","0.321687794683399",NA,"0","0","0","0.672943350903471",NA,"0",NA,NA,NA,NA,NA,NA,"0",NA,NA,NA,"0","0",NA,"0",NA,NA,NA,NA,NA,NA,NA,NA,NA,NA,NA,NA,NA,NA,NA
"55","1000","2012_13","0","0","0","0","0.00420989148046619","0.394882333619738",NA,"0","0","0","0.600907774899796",NA,"0",NA,NA,NA,NA,NA,NA,"0",NA,NA,NA,"0","0",NA,"0",NA,NA,NA,NA,NA,NA,NA,NA,NA,NA,NA,NA,NA,NA,NA
"56","500","2012_13","0","0","0","0","0","0.441183293671285",NA,"0","0","0","0.558816706328715",NA,"0",NA,NA,NA,NA,NA,NA,"0",NA,NA,NA,"0","0",NA,"0",NA,NA,NA,NA,NA,NA,NA,NA,NA,NA,NA,NA,NA,NA,NA
"57","4000","2012_14","0.135548888568466","0.0042330572696003","0.204403806615122","0.0244585742475836","0.0115811079429259","0.203774798495412","0.161152853558868","0","0.0133393133736024","0.002923421758058","0.00384199560843635",NA,"0.0193597485349542",NA,"0.00673799313923782","0.178378402469559",NA,NA,NA,NA,NA,NA,NA,NA,NA,"0.0211516836614043","0","0.000846555826415438","0.00826779893035363",NA,NA,NA,NA,NA,NA,NA,NA,NA,NA,NA,NA,NA
"58","3500","2012_14","0.18726867962513","0.000952978856565017","0.197002130212653","0.00997772916936568","0.00417074099944875","0.166043053789745","0.177478963635857","0","0.0204349336108431","0.00719065981455722","0.00806243984443624",NA,"0.0147148419543706",NA,"0.00359851233590639","0.156572251897492",NA,NA,NA,NA,NA,NA,NA,NA,NA,"0.0416306265674411","0.0000205819834688412","0.000952740649359585","0.00392813505335954",NA,NA,NA,NA,NA,NA,NA,NA,NA,NA,NA,NA,NA
"59","3000","2012_14","0.121008175117994","0","0.254743322920581","0.0149860896887694","0.00733201442305692","0.271693364653567","0.165774498696256","0","0.00846419814769452","0.00565308745573124","0.00694641361377718",NA,"0.00615890081831789",NA,"0.00475749090987556","0.0528727761342779",NA,NA,NA,NA,NA,NA,NA,NA,NA,"0.0628748863791127","0.00110182227593816","0","0.0156329587650516",NA,NA,NA,NA,NA,NA,NA,NA,NA,NA,NA,NA,NA
"60","2500","2012_14","0.0969736934094632","0","0.107901809771223","0.0105861619651891","0.000995492862670238","0.444861689324791","0.219888250932835","0","0.0132675630867912","0.00686017969025195","0.00252319191502299",NA,"0.0011394749339232",NA,"0","0.0175847026598516",NA,NA,NA,NA,NA,NA,NA,NA,NA,"0.0774177894479876","0","0","0",NA,NA,NA,NA,NA,NA,NA,NA,NA,NA,NA,NA,NA
"61","2000","2012_14","0.276945212281504","0","0.00831285819098072","0.0153653744197151","0.00542376171514493","0.467801697851833","0.158176653392442","0","0","0","0",NA,"0.000305386988536534",NA,"0.00354220891829106","0",NA,NA,NA,NA,NA,NA,NA,NA,NA,"0.0641268462415531","0","0","0",NA,NA,NA,NA,NA,NA,NA,NA,NA,NA,NA,NA,NA
"62","1500","2012_14","0.325598584320504","0","0.0306345320157952","0.0231254335485043","0.0154469890223994","0.402301848736245","0.172750161290855","0.00744401762538295","0.00277213723243141","0.0024815062759189","0.00496251146736957",NA,"0",NA,"0.00992564112110718","0",NA,NA,NA,NA,NA,NA,NA,NA,NA,"0.00255663734348739","0","0","0",NA,NA,NA,NA,NA,NA,NA,NA,NA,NA,NA,NA,NA
"63","1000","2012_14","0.344423096865701","0","0.0365492644389019","0.0212633356701976","0.00409863441973619","0.430590777318633","0.126273764219814","0","0.0285156327979974","0","0",NA,"0",NA,"0","0",NA,NA,NA,NA,NA,NA,NA,NA,NA,"0.00828549426901848","0","0","0",NA,NA,NA,NA,NA,NA,NA,NA,NA,NA,NA,NA,NA
"64","500","2012_14","0.412031388171764","0","0","0.100296346301349","0","0.462201960700457","0.0254703048264301","0","0","0","0",NA,"0",NA,"0","0",NA,NA,NA,NA,NA,NA,NA,NA,NA,"0","0","0","0",NA,NA,NA,NA,NA,NA,NA,NA,NA,NA,NA,NA,NA
"65","4000","2012_15","0.186750375456745","0","0.0310033790806484","0.0476523454382943","0.117337081902685","0.526258391519451","0.00249281173407578","0","0.00319883374405224","0.000139390854854088","0.00250944264043761",NA,"0.00273958509428653",NA,NA,"0",NA,NA,NA,NA,NA,NA,NA,"0",NA,"0.0571474852876872","0.0227708772467826",NA,NA,"0",NA,NA,NA,NA,NA,NA,NA,NA,NA,NA,NA,NA
"66","3500","2012_15","0.21520865654162","0.00187991368235021","0.0677152988608951","0.0702668465643881","0.104154365809095","0.397333483882361","0.0118739303843963","0.000197309072722786","0","0.000783191582455115","0.00051769501476177",NA,"0.00842106399263819",NA,NA,"0.000404842892020676",NA,NA,NA,NA,NA,NA,NA,"0.00187991939949955",NA,"0.11936209666417","0",NA,NA,"0.00000138565662492671",NA,NA,NA,NA,NA,NA,NA,NA,NA,NA,NA,NA
"67","3000","2012_15","0.221297527805736","0.00333324069297368","0.0584347607680673","0.107761566539321","0.00583229506664837","0.377038725137978","0.0148681693758089","0.000877967706358495","0.00111120683616621","0","0.00161024397736318",NA,"0.0208542217442851",NA,NA,"0.00841095278582689",NA,NA,NA,NA,NA,NA,NA,"0",NA,"0.177459552554971","0",NA,NA,"0.00110956900849635",NA,NA,NA,NA,NA,NA,NA,NA,NA,NA,NA,NA
"68","2500","2012_15","0.212346951307552","0","0.0201767759966795","0.0206031449670048","0","0.547961233695081","0.00352802617195691","0","0","0","0.0154087130910808",NA,"0",NA,NA,"0",NA,NA,NA,NA,NA,NA,NA,"0",NA,"0.179975154770645","0",NA,NA,"0",NA,NA,NA,NA,NA,NA,NA,NA,NA,NA,NA,NA
"69","2000","2012_15","0.197693111271661","0","0","0.0275592681775546","0","0.590752162344463","0.018173916598149","0","0","0","0.0180991938693867",NA,"0",NA,NA,"0",NA,NA,NA,NA,NA,NA,NA,"0",NA,"0.147722347738786","0",NA,NA,"0",NA,NA,NA,NA,NA,NA,NA,NA,NA,NA,NA,NA
"70","1500","2012_15","0.168682823303563","0","0.00200150553762775","0.0468627305440879","0","0.623425565739673","0","0","0","0","0.0227538465539914",NA,"0",NA,NA,"0",NA,NA,NA,NA,NA,NA,NA,"0",NA,"0.136273528321057","0",NA,NA,"0",NA,NA,NA,NA,NA,NA,NA,NA,NA,NA,NA,NA
"71","1000","2012_15","0.0863248187785464","0","0.00113646952325201","0.122920080306374","0","0.70652872616239","0","0","0","0","0",NA,"0",NA,NA,"0",NA,NA,NA,NA,NA,NA,NA,"0",NA,"0.0830899052294372","0",NA,NA,"0",NA,NA,NA,NA,NA,NA,NA,NA,NA,NA,NA,NA
"72","500","2012_15","0","0","0.0235501578143263","0.127945131375098","0","0.848504710810576","0","0","0","0","0",NA,"0",NA,NA,"0",NA,NA,NA,NA,NA,NA,NA,"0",NA,"0","0",NA,NA,"0",NA,NA,NA,NA,NA,NA,NA,NA,NA,NA,NA,NA
"73","4000","2012_16","0.00147184078997116","0","0.263313926730565","0.035052944928096",NA,"0.156733887909382",NA,"0.43112117618123",NA,NA,"0",NA,"0.111452775985577",NA,NA,NA,NA,NA,NA,NA,NA,NA,NA,"0.000853447475179327",NA,NA,"0",NA,NA,NA,NA,NA,NA,NA,NA,NA,NA,NA,NA,NA,NA,NA
"74","3500","2012_16","0.00190514564903312","0.000959993070701865","0.313600605882158","0.0368202009791736",NA,"0.145904221529117",NA,"0.429383705845386",NA,NA,"0",NA,"0.0685466079773342",NA,NA,NA,NA,NA,NA,NA,NA,NA,NA,"0.000959993094241589",NA,NA,"0.00191952597285494",NA,NA,NA,NA,NA,NA,NA,NA,NA,NA,NA,NA,NA,NA,NA
"75","3000","2012_16","0.00567264060986222","0","0.328469509703837","0.0255153617377577",NA,"0.169612661212577",NA,"0.352506358230045",NA,NA,"0.00113453816935242",NA,"0.117088930336569",NA,NA,NA,NA,NA,NA,NA,NA,NA,NA,"0",NA,NA,"0",NA,NA,NA,NA,NA,NA,NA,NA,NA,NA,NA,NA,NA,NA,NA
"76","2500","2012_16","0","0.00109761152084877","0.321924322299975","0.0374053740065034",NA,"0.233274011780044",NA,"0.272406305423829",NA,NA,"0",NA,"0.1338923749688",NA,NA,NA,NA,NA,NA,NA,NA,NA,NA,"0",NA,NA,"0",NA,NA,NA,NA,NA,NA,NA,NA,NA,NA,NA,NA,NA,NA,NA
"77","2000","2012_16","0","0.00215604778275103","0.259343384134288","0.0354938140777182",NA,"0.27808383917753",NA,"0.225682479185794",NA,NA,"0",NA,"0.199240435641918",NA,NA,NA,NA,NA,NA,NA,NA,NA,NA,"0",NA,NA,"0",NA,NA,NA,NA,NA,NA,NA,NA,NA,NA,NA,NA,NA,NA,NA
"78","1500","2012_16","0","0","0.374551211321833","0.0616486910188717",NA,"0.305395971365906",NA,"0.101069004392367",NA,NA,"0",NA,"0.157335121901023",NA,NA,NA,NA,NA,NA,NA,NA,NA,NA,"0",NA,NA,"0",NA,NA,NA,NA,NA,NA,NA,NA,NA,NA,NA,NA,NA,NA,NA
"79","1000","2012_16","0","0","0.422667488181062","0.0688232671714197",NA,"0.337642336140852",NA,"0.0104792636021212",NA,NA,"0",NA,"0.160387644904546",NA,NA,NA,NA,NA,NA,NA,NA,NA,NA,"0",NA,NA,"0",NA,NA,NA,NA,NA,NA,NA,NA,NA,NA,NA,NA,NA,NA,NA
"80","500","2012_16","0","0","0.309574599671112","0.149748571659232",NA,"0.41614871188417",NA,"0",NA,NA,"0",NA,"0.124528116785485",NA,NA,NA,NA,NA,NA,NA,NA,NA,NA,"0",NA,NA,"0",NA,NA,NA,NA,NA,NA,NA,NA,NA,NA,NA,NA,NA,NA,NA
"81","4000","2012_17","0.361816731535251","0.000840371037075104","0.239111153143436","0.0170498775484798","0.00252051105425098","0.282764106545286","0","0.0476484768078582","0","0","0",NA,"0.0166553699808484",NA,NA,"0.0268046950885065",NA,NA,NA,NA,NA,NA,NA,NA,NA,NA,NA,NA,NA,NA,"0.00478870725900778",NA,NA,NA,NA,NA,NA,NA,NA,NA,NA,NA
"82","3500","2012_17","0.253734236841085","0.000946900695743248","0.241064946231434","0.0181073945933182","0","0.360530229269547","0","0.0614191518779034","0","0","0",NA,"0.0148775273046184",NA,NA,"0.0344886604257886",NA,NA,NA,NA,NA,NA,NA,NA,NA,NA,NA,NA,NA,NA,"0.0148309527605619",NA,NA,NA,NA,NA,NA,NA,NA,NA,NA,NA
"83","3000","2012_17","0.246460183653471","0","0.185331158450166","0.0340020812027739","0.00111914140418901","0.359171376541987","0","0.116243410506427","0","0.00550034590899504","0.0018102698365498",NA,"0.0177187649599079",NA,NA,"0.0277957617142582",NA,NA,NA,NA,NA,NA,NA,NA,NA,NA,NA,NA,NA,NA,"0.00484750582127477",NA,NA,NA,NA,NA,NA,NA,NA,NA,NA,NA
"84","2500","2012_17","0.256976760331061","0","0.167483645395898","0.026522038933052","0.00275682074589171","0.336933536940053","0","0.173792125277743","0","0.000116650763195013","0.00462790229376913",NA,"0.0275286032782345",NA,NA,"0.0019349534925693",NA,NA,NA,NA,NA,NA,NA,NA,NA,NA,NA,NA,NA,NA,"0.0013269625485333",NA,NA,NA,NA,NA,NA,NA,NA,NA,NA,NA
"85","2000","2012_17","0.291786628025951","0","0.098568752570765","0.016510217280572","0.0105329806177461","0.355672200663409","0.001759882124032","0.177555786742302","0.00176003449182602","0","0.0086277808590573",NA,"0.0288974483653535",NA,NA,"0.00159843120241021",NA,NA,NA,NA,NA,NA,NA,NA,NA,NA,NA,NA,NA,NA,"0.00672985705657645",NA,NA,NA,NA,NA,NA,NA,NA,NA,NA,NA
"86","1500","2012_17","0.310880826568818","0","0.101245429092072","0.0298460606262912","0.00369597037232158","0.395434391047534","0","0.133810737476537","0","0","0.0125687418937633",NA,"0.00609632425198966",NA,NA,"0.00515768236131522",NA,NA,NA,NA,NA,NA,NA,NA,NA,NA,NA,NA,NA,NA,"0.00126383630935771",NA,NA,NA,NA,NA,NA,NA,NA,NA,NA,NA
"87","1000","2012_17","0.174844725090201","0","0.205895791414119","0.0875998528976888","0.00617917589406158","0.501983000383188","0","0.00485857024891851","0","0","0",NA,"0.0186388840718231",NA,NA,"0",NA,NA,NA,NA,NA,NA,NA,NA,NA,NA,NA,NA,NA,NA,"0",NA,NA,NA,NA,NA,NA,NA,NA,NA,NA,NA
"88","500","2012_17","0.00000759526161061497","0","0.274185414573604","0.129244792034593","0","0.596562198130192","0","0","0","0","0",NA,"0",NA,NA,"0",NA,NA,NA,NA,NA,NA,NA,NA,NA,NA,NA,NA,NA,NA,"0",NA,NA,NA,NA,NA,NA,NA,NA,NA,NA,NA
"89","4000","2012_18","0","0","0.00415893189106524","0.00491955091544163",NA,"0.382970167468771",NA,"0.505093179673568",NA,NA,NA,NA,"0.000842619396234209",NA,"0.102015550654919",NA,NA,NA,NA,NA,NA,NA,NA,NA,NA,NA,NA,NA,NA,NA,"0","0",NA,NA,NA,NA,NA,NA,NA,NA,NA,NA
"90","3500","2012_18","0.00189694145183249","0","0.00530303862364823","0.00742268098031274",NA,"0.413095710170501",NA,"0.517426774390137",NA,NA,NA,NA,"0.000948341591799596",NA,"0.0539065127917693",NA,NA,NA,NA,NA,NA,NA,NA,NA,NA,NA,NA,NA,NA,NA,"0","0",NA,NA,NA,NA,NA,NA,NA,NA,NA,NA
"91","3000","2012_18","0","0","0.000421997172391973","0.00522524141800105",NA,"0.45024721032437",NA,"0.544105551085237",NA,NA,NA,NA,"0",NA,"0",NA,NA,NA,NA,NA,NA,NA,NA,NA,NA,NA,NA,NA,NA,NA,"0","0",NA,NA,NA,NA,NA,NA,NA,NA,NA,NA
"92","2500","2012_18","0","0","0.00274070031592159","0.0140136078887468",NA,"0.532930504184907",NA,"0.450315187610424",NA,NA,NA,NA,"0",NA,"0",NA,NA,NA,NA,NA,NA,NA,NA,NA,NA,NA,NA,NA,NA,NA,"0","0",NA,NA,NA,NA,NA,NA,NA,NA,NA,NA
"93","2000","2012_18","0","0","0.00164160511516275","0.0141269190010708",NA,"0.560812867047587",NA,"0.418291710701446",NA,NA,NA,NA,"0.00512689813473346",NA,"0",NA,NA,NA,NA,NA,NA,NA,NA,NA,NA,NA,NA,NA,NA,NA,"0","0",NA,NA,NA,NA,NA,NA,NA,NA,NA,NA
"94","1500","2012_18","0","0.00493953311829418","0.0319353587147692","0.0190472665285239",NA,"0.59315101695217",NA,"0.332417740681221",NA,NA,NA,NA,"0.00863006965365338",NA,"0",NA,NA,NA,NA,NA,NA,NA,NA,NA,NA,NA,NA,NA,NA,NA,"0.00246973846738951","0.00740927588397957",NA,NA,NA,NA,NA,NA,NA,NA,NA,NA
"95","1000","2012_18","0","0","0.0609877258194727","0.0375696427510828",NA,"0.670315345377108",NA,"0.220418482250829",NA,NA,NA,NA,"0.0107088038015077",NA,"0",NA,NA,NA,NA,NA,NA,NA,NA,NA,NA,NA,NA,NA,NA,NA,"0","0",NA,NA,NA,NA,NA,NA,NA,NA,NA,NA
"96","500","2012_18","0","0","0.0292872066677064","0.0949082431632558",NA,"0.873511208423155",NA,"0.00229334174588336",NA,NA,NA,NA,"0",NA,"0",NA,NA,NA,NA,NA,NA,NA,NA,NA,NA,NA,NA,NA,NA,NA,"0","0",NA,NA,NA,NA,NA,NA,NA,NA,NA,NA
"97","4000","2012_19","0.00137426349857194","0","0.050040954748694","0.00800183242542128","0.0016902522126345","0.253155098798967","0.0298121026585503","0.161405143407368","0.00084500251091073","0.00602157811622765","0.00239467377429364",NA,"0.157061265614404",NA,NA,NA,NA,"0",NA,"0.00191015260554108","0.101655522342704","0.133345965662117","0.00338036588798169","0.000844957220778172","0.00169020281982859",NA,"0.085370665695008","0",NA,NA,NA,"0","0",NA,NA,NA,NA,NA,NA,NA,NA,NA
"98","3500","2012_19","0.00242998423224042","0.00139763447660057","0.0650372267484478","0.00926644756987959","0","0.251852989394149","0.0365998133772539","0.210690694996517","0.00476252143099507","0.00343287768488888","0",NA,"0.115806462865035",NA,NA,NA,NA,"0.0369694240593895",NA,"0.00641967944132305","0.0241712971341473","0.198198571810404","0.00190490700988402","0","0.000952703624850542",NA,"0.0291541469655033","0.00095261717849149",NA,NA,NA,"0","0",NA,NA,NA,NA,NA,NA,NA,NA,NA
"99","3000","2012_19","0.0117430315702811","0.000599857875165672","0.0341324227517166","0.00836924907209571","0","0.296851837392932","0.0230057117985925","0.221116514692656","0","0","0.00604948756858653",NA,"0.0341752905996569",NA,NA,NA,NA,"0.132444597986664",NA,"0","0.00218794715871948","0.227071813624542","0","0","0",NA,"0.0022522379083909","0",NA,NA,NA,"0","0",NA,NA,NA,NA,NA,NA,NA,NA,NA
"100","2500","2012_19","0.00415708727500638","0","0.0448910671965964","0.00994025429975298","0","0.473895340163554","0.0321666091801071","0.0449752936473706","0","0","0.000863425189495962",NA,"0.0177338649202198",NA,NA,NA,NA,"0.176692515236295",NA,"0","0.0013763858180039","0.191425824224205","0","0","0",NA,"0","0",NA,NA,NA,"0","0.00188233284939365",NA,NA,NA,NA,NA,NA,NA,NA,NA
"101","2000","2012_19","0.00354098885904977","0.00354078571226133","0.00930891323761945","0.0127252170575631","0","0.536368108580104","0.0685636946734524","0","0.0070816362005301","0","0.00257974671991284",NA,"0.00614768078404345",NA,NA,NA,NA,"0.160608119238353",NA,"0","0","0.182236143541619","0","0","0",NA,"0.000866979604204866","0",NA,NA,NA,"0","0.00643198579128714",NA,NA,NA,NA,NA,NA,NA,NA,NA
"102","1500","2012_19","0","0.0103624162887809","0.0107667293600008","0.0352802870472423","0","0.567153091645918","0.0485000559832302","0","0.002844109651036","0","0.0112703674987671",NA,"0.00395346346076782",NA,NA,NA,NA,"0.174808230317833",NA,"0","0.00248047469359732","0.118859127394621","0.00237804747560151","0","0.00248048948658059",NA,"0.00551144476196525","0",NA,NA,NA,"0.00140470898429173","0.0019469559497664",NA,NA,NA,NA,NA,NA,NA,NA,NA
"103","1000","2012_19","0.00414156828486078","0.06095625178073","0.00942714037244062","0.0605885662147391","0","0.581338920115088","0.106492023103714","0","0.015656164673328","0.0082831652900899","0",NA,"0.0345171455491377",NA,NA,NA,NA,"0.0289925484442197",NA,"0","0.00828314280570639","0","0.00431276545806898","0.0496986090659396","0",NA,"0.00533745586638927","0",NA,NA,NA,"0.0210834820818653","0.000891050893682864",NA,NA,NA,NA,NA,NA,NA,NA,NA
"104","500","2012_19","0","0.0765089277425735","0.0460604891737679","0.113252592546085","0","0.607650256895305","0.00000652505836833334","0.0250661878391412","0.000918347846463972","0","0",NA,"0.000899821420835057",NA,NA,NA,NA,"0",NA,"0","0","0","0","0.0125368386220807","0",NA,"0","0",NA,NA,NA,"0.11710001285538","0",NA,NA,NA,NA,NA,NA,NA,NA,NA
"105","4000","2012_20","0.00887249987530021","0","0.00244109169986364","0.00961729612647409",NA,"0.309815055289269",NA,"0.656261606785056",NA,"0.0100296224956826",NA,NA,"0.00209975049306121",NA,NA,NA,NA,NA,NA,"0.000863077235293295",NA,NA,NA,NA,NA,NA,NA,NA,NA,NA,NA,NA,NA,NA,NA,NA,NA,NA,NA,NA,NA,NA
"106","3500","2012_20","0.00344650559335579","0","0.00113547271254457","0.00774139562856828",NA,"0.335160625586748",NA,"0.640039019496272",NA,"0.00805086346785003",NA,NA,"0.00442611751466107",NA,NA,NA,NA,NA,NA,"0",NA,NA,NA,NA,NA,NA,NA,NA,NA,NA,NA,NA,NA,NA,NA,NA,NA,NA,NA,NA,NA,NA
"107","3000","2012_20","0.0000427803418979763","0","0","0.00899006542557236",NA,"0.39453880945055",NA,"0.59642834478198",NA,"0",NA,NA,"0",NA,NA,NA,NA,NA,NA,"0",NA,NA,NA,NA,NA,NA,NA,NA,NA,NA,NA,NA,NA,NA,NA,NA,NA,NA,NA,NA,NA,NA
"108","2500","2012_20","0.00540000715577427","0.000000176716962716544","0","0.0174486735311202",NA,"0.500984526066217",NA,"0.474766229374767",NA,"0",NA,NA,"0.00140038715515925",NA,NA,NA,NA,NA,NA,"0",NA,NA,NA,NA,NA,NA,NA,NA,NA,NA,NA,NA,NA,NA,NA,NA,NA,NA,NA,NA,NA,NA
"109","2000","2012_20","0.00677065774000481","0.00180107215815936","0","0.0222214292153406",NA,"0.551760202309228",NA,"0.415645350136881",NA,"0",NA,NA,"0.00180128844038651",NA,NA,NA,NA,NA,NA,"0",NA,NA,NA,NA,NA,NA,NA,NA,NA,NA,NA,NA,NA,NA,NA,NA,NA,NA,NA,NA,NA,NA
"110","1500","2012_20","0.00592265572660924","0","0","0.00429213904477354",NA,"0.929896749395925",NA,"0.0598884558326924",NA,"0",NA,NA,"0",NA,NA,NA,NA,NA,NA,"0",NA,NA,NA,NA,NA,NA,NA,NA,NA,NA,NA,NA,NA,NA,NA,NA,NA,NA,NA,NA,NA,NA
"111","1000","2012_20","0","0","0","0.0126394723355292",NA,"0.987360527664471",NA,"0",NA,"0",NA,NA,"0",NA,NA,NA,NA,NA,NA,"0",NA,NA,NA,NA,NA,NA,NA,NA,NA,NA,NA,NA,NA,NA,NA,NA,NA,NA,NA,NA,NA,NA
"112","500","2012_20","0","0","0","0",NA,"1",NA,"0",NA,"0",NA,NA,"0",NA,NA,NA,NA,NA,NA,"0",NA,NA,NA,NA,NA,NA,NA,NA,NA,NA,NA,NA,NA,NA,NA,NA,NA,NA,NA,NA,NA,NA
"113","4000","2012_21",NA,NA,"0","0.0032466026485442",NA,"0",NA,"0.808541951716695",NA,NA,NA,NA,"0.188211445634761",NA,NA,NA,NA,NA,NA,NA,NA,NA,NA,NA,NA,NA,NA,NA,NA,NA,NA,NA,NA,NA,NA,NA,NA,NA,NA,NA,NA,NA
"114","3500","2012_21",NA,NA,"0.000975405509880406","0.00330390163895435",NA,"0",NA,"0.879626475331063",NA,NA,NA,NA,"0.116094217520102",NA,NA,NA,NA,NA,NA,NA,NA,NA,NA,NA,NA,NA,NA,NA,NA,NA,NA,NA,NA,NA,NA,NA,NA,NA,NA,NA,NA,NA
"115","3000","2012_21",NA,NA,"0","0.00492845953195942",NA,"0",NA,"0.87929619572974",NA,NA,NA,NA,"0.1157753447383",NA,NA,NA,NA,NA,NA,NA,NA,NA,NA,NA,NA,NA,NA,NA,NA,NA,NA,NA,NA,NA,NA,NA,NA,NA,NA,NA,NA,NA
"116","2500","2012_21",NA,NA,"0","0.00928807005216497",NA,"0",NA,"0.8413286340631",NA,NA,NA,NA,"0.149383295884735",NA,NA,NA,NA,NA,NA,NA,NA,NA,NA,NA,NA,NA,NA,NA,NA,NA,NA,NA,NA,NA,NA,NA,NA,NA,NA,NA,NA,NA
"117","2000","2012_21",NA,NA,"0","0.00229156134069696",NA,"0",NA,"0.833481366134683",NA,NA,NA,NA,"0.16422707252462",NA,NA,NA,NA,NA,NA,NA,NA,NA,NA,NA,NA,NA,NA,NA,NA,NA,NA,NA,NA,NA,NA,NA,NA,NA,NA,NA,NA,NA
"118","1500","2012_21",NA,NA,"0","0.0303735632310669",NA,"0.00357330101595192",NA,"0.715490227103635",NA,NA,NA,NA,"0.250562908649346",NA,NA,NA,NA,NA,NA,NA,NA,NA,NA,NA,NA,NA,NA,NA,NA,NA,NA,NA,NA,NA,NA,NA,NA,NA,NA,NA,NA,NA
"119","1000","2012_21",NA,NA,"0","0.0075681878074558",NA,"0.00251664859885713",NA,"0.75628642435234",NA,NA,NA,NA,"0.233628739241347",NA,NA,NA,NA,NA,NA,NA,NA,NA,NA,NA,NA,NA,NA,NA,NA,NA,NA,NA,NA,NA,NA,NA,NA,NA,NA,NA,NA,NA
"120","500","2012_21",NA,NA,"0","0",NA,"0",NA,"0.999666480869946",NA,NA,NA,NA,"0.000333519130054139",NA,NA,NA,NA,NA,NA,NA,NA,NA,NA,NA,NA,NA,NA,NA,NA,NA,NA,NA,NA,NA,NA,NA,NA,NA,NA,NA,NA,NA
"121","4000","2012_22","0.508867253475608","0","0.080210069391519","0.00730225429088699","0","0.381405066755564",NA,"0",NA,"0.001716345018641",NA,NA,"0.0204990110677809",NA,NA,NA,NA,NA,NA,NA,NA,NA,NA,NA,NA,NA,NA,NA,NA,NA,NA,NA,NA,NA,NA,NA,NA,NA,NA,NA,NA,NA
"122","3500","2012_22","0.462252878265212","0","0.141164014150468","0.00547342605327149","0.00192918762473708","0.371437594100944",NA,"0.00192874095681919",NA,"0.00096462285831449",NA,NA,"0.0148495359902339",NA,NA,NA,NA,NA,NA,NA,NA,NA,NA,NA,NA,NA,NA,NA,NA,NA,NA,NA,NA,NA,NA,NA,NA,NA,NA,NA,NA,NA
"123","3000","2012_22","0.489648363955154","0","0.152873866702479","0.0119254300957378","0","0.325306043136789",NA,"0",NA,"0.00114020337973411",NA,NA,"0.0191060927301056",NA,NA,NA,NA,NA,NA,NA,NA,NA,NA,NA,NA,NA,NA,NA,NA,NA,NA,NA,NA,NA,NA,NA,NA,NA,NA,NA,NA,NA
"124","2500","2012_22","0.380135941153777","0","0.202495569335928","0.00978283228882129","0","0.375894932129502",NA,"0.00139388706874329",NA,"0",NA,NA,"0.0302968380232294",NA,NA,NA,NA,NA,NA,NA,NA,NA,NA,NA,NA,NA,NA,NA,NA,NA,NA,NA,NA,NA,NA,NA,NA,NA,NA,NA,NA,NA
"125","2000","2012_22","0.382669972625641","0","0.119940361295377","0.0175326471848029","0","0.431812665327957",NA,"0",NA,"0",NA,NA,"0.0480443535662216",NA,NA,NA,NA,NA,NA,NA,NA,NA,NA,NA,NA,NA,NA,NA,NA,NA,NA,NA,NA,NA,NA,NA,NA,NA,NA,NA,NA,NA
"126","1500","2012_22","0.410698959735654","0","0.101530033156458","0.026379420129476","0","0.459428334127427",NA,"0",NA,"0",NA,NA,"0.0019632528509849",NA,NA,NA,NA,NA,NA,NA,NA,NA,NA,NA,NA,NA,NA,NA,NA,NA,NA,NA,NA,NA,NA,NA,NA,NA,NA,NA,NA,NA
"127","1000","2012_22","0.176959359702049","0.00838685967352292","0.185706410823324","0.0280607973682006","0","0.565163329983444",NA,"0",NA,"0.00961632804238353",NA,NA,"0.0261069144070761",NA,NA,NA,NA,NA,NA,NA,NA,NA,NA,NA,NA,NA,NA,NA,NA,NA,NA,NA,NA,NA,NA,NA,NA,NA,NA,NA,NA,NA
"128","500","2012_22","0.025379781432946","0","0.334913170384405","0.0397851248230538","0","0.565573180235253",NA,"0",NA,"0.00896904405608293",NA,NA,"0.0253796990682589",NA,NA,NA,NA,NA,NA,NA,NA,NA,NA,NA,NA,NA,NA,NA,NA,NA,NA,NA,NA,NA,NA,NA,NA,NA,NA,NA,NA,NA
"129","4000","2012_29","0.160002981379312","0","0.0120738694878229","0.0120001235852579","0.190187259632613","0.239905251968555","0","0.374467011889851","0","0","0.00728168038166431",NA,"0.000839865549411109",NA,NA,NA,NA,NA,NA,NA,NA,NA,NA,NA,NA,"0.00324195612551264",NA,NA,NA,NA,NA,NA,NA,NA,NA,NA,NA,NA,NA,NA,NA,NA
"130","3500","2012_29","0.298931085451821","0","0.00808921769849737","0.0276460486634512","0.0883498020565488","0.234667774270333","0.000282833317382652","0.319355726333163","0.000307217048742529","0","0.0181934853296125",NA,"0.00121239038490729",NA,NA,NA,NA,NA,NA,NA,NA,NA,NA,NA,NA,"0.00296441944554053",NA,NA,NA,NA,NA,NA,NA,NA,NA,NA,NA,NA,NA,NA,NA,NA
"131","3000","2012_29","0.358338354443335","0","0.0183010015521945","0.0180578254632702","0.0549365400592841","0.231473335271819","0.00299420759960643","0.309455752278224","0.000753087346188753","0","0.00230194635232487",NA,"0.000799528910472103",NA,NA,NA,NA,NA,NA,NA,NA,NA,NA,NA,NA,"0.00258842072328203",NA,NA,NA,NA,NA,NA,NA,NA,NA,NA,NA,NA,NA,NA,NA,NA
"132","2500","2012_29","0.250507697968536","0","0.058766143906673","0.0215589577503536","0.102449030411039","0.264709275212907","0.00411799254570428","0.283316293104077","0","0.00545827176372249","0.00136455039621325",NA,"0.0068232290972605",NA,NA,NA,NA,NA,NA,NA,NA,NA,NA,NA,NA,"0.000928557843514026",NA,NA,NA,NA,NA,NA,NA,NA,NA,NA,NA,NA,NA,NA,NA,NA
"133","2000","2012_29","0.146541530528046","0.00211552773912405","0.0543603405593731","0.0331141652359332","0.108977627473862","0.433575192866526","0","0.216192628204456","0","0.00512298739268005","0",NA,"0",NA,NA,NA,NA,NA,NA,NA,NA,NA,NA,NA,NA,"0",NA,NA,NA,NA,NA,NA,NA,NA,NA,NA,NA,NA,NA,NA,NA,NA
"134","1500","2012_29","0.119781400443465","0.00441353690813154","0.0798129031665546","0.052538672582119","0.0335238678596768","0.497186814294586","0","0.207436480771161","0","0.000388587844851989","0",NA,"0.00491773612945392",NA,NA,NA,NA,NA,NA,NA,NA,NA,NA,NA,NA,"0",NA,NA,NA,NA,NA,NA,NA,NA,NA,NA,NA,NA,NA,NA,NA,NA
"135","1000","2012_29","0.0976131307952234","0","0.09150862386785","0.0448419969078411","0.0123167082394574","0.500256961628858","0","0.233252395292748","0","0.0202101788061139","0",NA,"0.00000000446190863607852",NA,NA,NA,NA,NA,NA,NA,NA,NA,NA,NA,NA,"0",NA,NA,NA,NA,NA,NA,NA,NA,NA,NA,NA,NA,NA,NA,NA,NA
"136","500","2012_29","0.00697423145444588","0","0.0850473604138683","0.134452450228672","0","0.591155091872807","0","0.182370866030207","0","0","0",NA,"0",NA,NA,NA,NA,NA,NA,NA,NA,NA,NA,NA,NA,"0",NA,NA,NA,NA,NA,NA,NA,NA,NA,NA,NA,NA,NA,NA,NA,NA
"137","4000","2012_30","0.141735679154168","0","0.0708569439798595","0.028800770624182","0.0996516353056003","0.324528577305452","0.00000559373706790446","0.245155497839182","0.0229667211604627","0.00513924262093118","0.00433110942193949",NA,"0.00767799431873258",NA,"0.0490297478875456",NA,NA,NA,NA,NA,NA,NA,NA,NA,NA,NA,"0.000120486644876113",NA,NA,NA,NA,NA,NA,NA,NA,NA,NA,NA,NA,NA,NA,NA
"138","3500","2012_30","0.211814007818157","0","0.046648770273024","0.0188445333583124","0.124267116349254","0.270978023229337","0.0019191191790051","0.261390655289044","0.00830527959863864","0.00192506640383474","0.0101350276172823",NA,"0.00216937963891491",NA,"0.0388502320725989",NA,NA,NA,NA,NA,NA,NA,NA,NA,NA,NA,"0.00275278917259685",NA,NA,NA,NA,NA,NA,NA,NA,NA,NA,NA,NA,NA,NA,NA
"139","3000","2012_30","0.304070394707886","0","0.0595108435198145","0.0242200375515961","0.140215456796907","0.282317284119453","0","0.141897860634403","0.00293183318314821","0","0.0142089657351683",NA,"0.00433252559723185",NA,"0.0251568495580869",NA,NA,NA,NA,NA,NA,NA,NA,NA,NA,NA,"0.00113794859630545",NA,NA,NA,NA,NA,NA,NA,NA,NA,NA,NA,NA,NA,NA,NA
"140","2500","2012_30","0.363043179005911","0","0.02869471615171","0.0349120564999735","0.186249485495869","0.332258382938412","0","0.0415238130848047","0.00252244589245218","0","0.00444117826862171",NA,"0.00269650674285196",NA,"0.00365823591939371",NA,NA,NA,NA,NA,NA,NA,NA,NA,NA,NA,"0",NA,NA,NA,NA,NA,NA,NA,NA,NA,NA,NA,NA,NA,NA,NA
"141","2000","2012_30","0.332121382938681","0.00178932848976243","0.024290918289092","0.0469793175621704","0.223629825930651","0.353879049178732","0","0","0.00715671752748788","0","0.000669365608356981",NA,"0",NA,"0.00948409447506578",NA,NA,NA,NA,NA,NA,NA,NA,NA,NA,NA,"0",NA,NA,NA,NA,NA,NA,NA,NA,NA,NA,NA,NA,NA,NA,NA
"142","1500","2012_30","0.307843412933402","0","0","0.0195262925433236","0.237677969536821","0.432445640395329","0","0","0","0","0",NA,"0",NA,"0.00250668459112414",NA,NA,NA,NA,NA,NA,NA,NA,NA,NA,NA,"0",NA,NA,NA,NA,NA,NA,NA,NA,NA,NA,NA,NA,NA,NA,NA
"143","1000","2012_30","0.205144250998434","0","0","0.040139632591877","0.201476660391243","0.492882167412431","0","0","0.00837012523499209","0.0357268738484622","0",NA,"0",NA,"0.0162602895225612",NA,NA,NA,NA,NA,NA,NA,NA,NA,NA,NA,"0",NA,NA,NA,NA,NA,NA,NA,NA,NA,NA,NA,NA,NA,NA,NA
"144","500","2012_30","0.0805276528788437","0","0","0.118019221148333","0.137380268582294","0.403460807127836","0","0","0","0.25916016814193","0",NA,"0",NA,"0.00145188212076381",NA,NA,NA,NA,NA,NA,NA,NA,NA,NA,NA,"0",NA,NA,NA,NA,NA,NA,NA,NA,NA,NA,NA,NA,NA,NA,NA
"145","4000","2012_31",NA,"0.00107338764889073","0.0585242090809385","0.0710700932368523",NA,"0.322212589123912","0.00086093499497882","0.21671097005634","0.00172185469314627","0.0152142484848446","0.00172167455947768",NA,"0.304006344318819",NA,NA,NA,NA,NA,NA,NA,NA,NA,NA,NA,"0.000860835180957102",NA,NA,NA,NA,NA,NA,NA,"0","0.000860810026962629","0.00430464774351112","0.000857400850370297",NA,NA,NA,NA,NA,NA
"146","3500","2012_31",NA,"0.00169464991191222","0.0100906609967049","0.0663482767896862",NA,"0.47125907809277","0","0.199548477517524","0","0.00224941360936969","0",NA,"0.248809443082032",NA,NA,NA,NA,NA,NA,NA,NA,NA,NA,NA,"0",NA,NA,NA,NA,NA,NA,NA,"0","0","0","0",NA,NA,NA,NA,NA,NA
"147","3000","2012_31",NA,"0","0.0115327063619757","0.017928343369256",NA,"0.482328626449178","0","0.328024114228734","0","0","0",NA,"0.160186209590856",NA,NA,NA,NA,NA,NA,NA,NA,NA,NA,NA,"0",NA,NA,NA,NA,NA,NA,NA,"0","0","0","0",NA,NA,NA,NA,NA,NA
"148","2500","2012_31",NA,"0","0.00609274260008245","0.011290210442356",NA,"0.480049816029052","0","0.416388468523706","0","0","0",NA,"0.0861787624048031",NA,NA,NA,NA,NA,NA,NA,NA,NA,NA,NA,"0",NA,NA,NA,NA,NA,NA,NA,"0","0","0","0",NA,NA,NA,NA,NA,NA
"149","2000","2012_31",NA,"0","0.00538994351999843","0",NA,"0.475343887520911","0","0.433453034315869","0","0.00179658647904886","0",NA,"0.0786260525677624",NA,NA,NA,NA,NA,NA,NA,NA,NA,NA,NA,"0",NA,NA,NA,NA,NA,NA,NA,"0.00539049559640985","0","0","0",NA,NA,NA,NA,NA,NA
"150","1500","2012_31",NA,"0","0","0",NA,"0.578268657789487","0","0.334724330291931","0","0.0050342186719416","0",NA,"0.0819727932466408",NA,NA,NA,NA,NA,NA,NA,NA,NA,NA,NA,"0",NA,NA,NA,NA,NA,NA,NA,"0","0","0","0",NA,NA,NA,NA,NA,NA
"151","1000","2012_31",NA,"0","0","0",NA,"0.538783242458381","0","0.456917545409085","0","0.00273098914268665","0",NA,"0.00156822298984742",NA,NA,NA,NA,NA,NA,NA,NA,NA,NA,NA,"0",NA,NA,NA,NA,NA,NA,NA,"0","0","0","0",NA,NA,NA,NA,NA,NA
"152","500","2012_31",NA,"0","0","0",NA,"0.482707925504105","0","0.512838748305365","0","0.00445332619052982","0",NA,"0",NA,NA,NA,NA,NA,NA,NA,NA,NA,NA,NA,"0",NA,NA,NA,NA,NA,NA,NA,"0","0","0","0",NA,NA,NA,NA,NA,NA
"153","4000","2012_32","0.669297076054251",NA,"0.16014452059973","0.00567170632035779",NA,"0.133203922312422",NA,"0","0","0",NA,NA,"0.0316827747132393",NA,NA,NA,NA,NA,NA,NA,NA,NA,NA,NA,NA,NA,NA,NA,NA,NA,NA,NA,NA,NA,NA,NA,NA,NA,NA,NA,NA,NA
"154","3500","2012_32","0.617138478465256",NA,"0.159748153154963","0.00854889156683554",NA,"0.145353804791729",NA,"0.00192971785124745","0.000964635785353595","0.000204821972768898",NA,NA,"0.0661114964118471",NA,NA,NA,NA,NA,NA,NA,NA,NA,NA,NA,NA,NA,NA,NA,NA,NA,NA,NA,NA,NA,NA,NA,NA,NA,NA,NA,NA,NA
"155","3000","2012_32","0.605088694779226",NA,"0.160227838051374","0.00312882534067215",NA,"0.171182464008721",NA,"0","0.0011404386843435","0.00431895862927336",NA,NA,"0.05491278050639",NA,NA,NA,NA,NA,NA,NA,NA,NA,NA,NA,NA,NA,NA,NA,NA,NA,NA,NA,NA,NA,NA,NA,NA,NA,NA,NA,NA,NA
"156","2500","2012_32","0.554823671967068",NA,"0.192462760808009","0.00847961335541049",NA,"0.168467461965778",NA,"0","0.00139401045369928","0.0027880834164496",NA,NA,"0.0715843980335848",NA,NA,NA,NA,NA,NA,NA,NA,NA,NA,NA,NA,NA,NA,NA,NA,NA,NA,NA,NA,NA,NA,NA,NA,NA,NA,NA,NA,NA
"157","2000","2012_32","0.443067846404389",NA,"0.197422580643143","0.0122054649273994",NA,"0.256817564927079",NA,"0","0","0.00204510403863628",NA,NA,"0.088441439059353",NA,NA,NA,NA,NA,NA,NA,NA,NA,NA,NA,NA,NA,NA,NA,NA,NA,NA,NA,NA,NA,NA,NA,NA,NA,NA,NA,NA,NA
"158","1500","2012_32","0.452910417030951",NA,"0.180287931040352","0.0059476580628086",NA,"0.261214537845629",NA,"0.00251218225313574","0","0.00215908624228228",NA,NA,"0.0949681875248407",NA,NA,NA,NA,NA,NA,NA,NA,NA,NA,NA,NA,NA,NA,NA,NA,NA,NA,NA,NA,NA,NA,NA,NA,NA,NA,NA,NA,NA
"159","1000","2012_32","0.411728887862701",NA,"0.167153836423583","0.0133026331296456",NA,"0.355644863961152",NA,"0","0","0",NA,NA,"0.052169778622918",NA,NA,NA,NA,NA,NA,NA,NA,NA,NA,NA,NA,NA,NA,NA,NA,NA,NA,NA,NA,NA,NA,NA,NA,NA,NA,NA,NA,NA
"160","500","2012_32","0.174602400451317",NA,"0.230380193294058","0.137450463464081",NA,"0.289324375761941",NA,"0.0126932011125137","0","0",NA,NA,"0.155549365916089",NA,NA,NA,NA,NA,NA,NA,NA,NA,NA,NA,NA,NA,NA,NA,NA,NA,NA,NA,NA,NA,NA,NA,NA,NA,NA,NA,NA,NA
"161","4000","2012_33","0.00171004533429395","0.00247332470534027","0.00809261023365479","0.00915208198379977","0.00259128824793164","0.44573948404403",NA,"0.434863896052695",NA,"0.00117898875426973",NA,NA,"0.0941982806439847",NA,NA,NA,NA,NA,NA,NA,NA,NA,NA,"0",NA,NA,NA,NA,NA,NA,NA,NA,NA,NA,NA,"0",NA,NA,NA,NA,NA,NA
"162","3500","2012_33","0.00293402159717972","0.000359034124172405","0.00455366293981379","0.0263346030344766","0","0.458414454970501",NA,"0.429369920693154",NA,"0.00255928371432977",NA,NA,"0.0735323904949436",NA,NA,NA,NA,NA,NA,NA,NA,NA,NA,"0",NA,NA,NA,NA,NA,NA,NA,NA,NA,NA,NA,"0.00194262843142925",NA,NA,NA,NA,NA,NA
"163","3000","2012_33","0","0.00196722829160184","0.00108206211102451","0.0180841747348166","0","0.485764215851034",NA,"0.476818207093035",NA,"0",NA,NA,"0.0151359756908048",NA,NA,NA,NA,NA,NA,NA,NA,NA,NA,"0.0011481362276837",NA,NA,NA,NA,NA,NA,NA,NA,NA,NA,NA,"0",NA,NA,NA,NA,NA,NA
"164","2500","2012_33","0","0.00269095777592534","0","0.03132223044566","0","0.396238308477273",NA,"0.568344829567706",NA,"0",NA,NA,"0.00140367373343483",NA,NA,NA,NA,NA,NA,NA,NA,NA,NA,"0",NA,NA,NA,NA,NA,NA,NA,NA,NA,NA,NA,"0",NA,NA,NA,NA,NA,NA
"165","2000","2012_33","0","0","0","0.0127457782496393","0","0.286194258436839",NA,"0.697448860133716",NA,"0",NA,NA,"0.00361110317980557",NA,NA,NA,NA,NA,NA,NA,NA,NA,NA,"0",NA,NA,NA,NA,NA,NA,NA,NA,NA,NA,NA,"0",NA,NA,NA,NA,NA,NA
"166","1500","2012_33","0","0","0","0.00252978451315806","0","0.297153297465434",NA,"0.694238811481545",NA,"0",NA,NA,"0.00607810653986299",NA,NA,NA,NA,NA,NA,NA,NA,NA,NA,"0",NA,NA,NA,NA,NA,NA,NA,NA,NA,NA,NA,"0",NA,NA,NA,NA,NA,NA
"167","1000","2012_33","0","0","0","0.00844728128709546","0","0.322859865450727",NA,"0.64730842622204",NA,"0",NA,NA,"0.0213844270401374",NA,NA,NA,NA,NA,NA,NA,NA,NA,NA,"0",NA,NA,NA,NA,NA,NA,NA,NA,NA,NA,NA,"0",NA,NA,NA,NA,NA,NA
"168","500","2012_33","0","0","0","0","0","0.39810938327297",NA,"0.352206498262189",NA,"0.0255629690371516",NA,NA,"0.224121149427689",NA,NA,NA,NA,NA,NA,NA,NA,NA,NA,"0",NA,NA,NA,NA,NA,NA,NA,NA,NA,NA,NA,"0",NA,NA,NA,NA,NA,NA
"169","4000","2012_34","0.000870339317949604","0.0121872049834973","0.00426107747881745","0.0216499953646205","0.00348113558580688","0.318311215793602",NA,"0.128188788663211","0.0079985227053222","0.00522151805001838",NA,"0.000870223763654716","0.328204040387836","0.0206811064253896",NA,"0.00720375249367219",NA,NA,NA,NA,NA,NA,"0","0.00448157098249903",NA,NA,NA,"0.0852615801215474",NA,NA,NA,"0.00174011439544202",NA,NA,"0.000870348500764538",NA,"0.0469703552664691","0.00154710971987924","0",NA,NA,NA
"170","3500","2012_34","0.000977936205136366","0.0107763173610214","0.0127063683430318","0.0312452449440688","0.00195581982270381","0.372183908763248",NA,"0.136279007692041","0.00176831412485315","0.00522893907871159",NA,"0","0.278561747726028","0.0221455348372084",NA,"0.0117503755941252",NA,NA,NA,NA,NA,NA,"0.00000283578170892863","0.00669641067821534",NA,NA,NA,"0.0653622977273965",NA,NA,NA,"0",NA,NA,"0",NA,"0.0422890907694672","0","0.0000698505510334043",NA,NA,NA
"171","3000","2012_34","0.00113148238715409","0.0143402288814037","0.00243903963269712","0.0450497013760214","0","0.544420562845088",NA,"0.0848191937925712","0.00231161996734469","0.00768889521213361",NA,"0","0.275661402503326","0.00578476722140207",NA,"0.00312251006118097",NA,NA,NA,NA,NA,NA,"0.0023083196469178","0.00462274291007616",NA,NA,NA,"0.00273397619886164",NA,NA,NA,"0",NA,NA,"0",NA,"0.000180898176201991","0.00231128095798081","0.00107337822963859",NA,NA,NA
"172","2500","2012_34","0.00144276085575164","0.0136860303794689","0.00127411053119905","0.042338604516356","0","0.715221017871684",NA,"0.00932327989520862","0","0",NA,"0","0.216714195950332","0",NA,"0",NA,NA,NA,NA,NA,NA,"0","0",NA,NA,NA,"0",NA,NA,NA,"0",NA,NA,"0",NA,"0","0","0",NA,NA,NA
"173","2000","2012_34","0.0051856527876312","0.0107770310340401","0.000178642558536946","0.0315053100146377","0","0.842524050846071",NA,"0.00254863666876403","0","0",NA,"0","0.103645746380935","0",NA,"0",NA,NA,NA,NA,NA,NA,"0","0.00363492970938474",NA,NA,NA,"0",NA,NA,NA,"0",NA,NA,"0",NA,"0","0","0",NA,NA,NA
"174","1500","2012_34","0.00546652446876242","0.027635891109854","0","0.0295158022108263","0","0.857358617479155",NA,"0.00254620293480072","0","0",NA,"0","0.0723360390716791","0",NA,"0",NA,NA,NA,NA,NA,NA,"0","0.0051409227249227",NA,NA,NA,"0",NA,NA,NA,"0",NA,NA,"0",NA,"0","0","0",NA,NA,NA
"175","1000","2012_34","0.00425124071246077","0.0296364107374711","0.00424086405526706","0.0260136783559171","0","0.903528036140288",NA,"0.00425142538358209","0","0",NA,"0","0.0111541405090375","0",NA,"0",NA,NA,NA,NA,NA,NA,"0","0.0169242041059763",NA,NA,NA,"0",NA,NA,NA,"0",NA,NA,"0",NA,"0","0","0",NA,NA,NA
"176","500","2012_34","0.0257301382203349","0.112877533884983","0.0000317453322400607","0.0689565098600235","0","0.751777804038454",NA,"0.0128652179884079","0","0",NA,"0","0.00203099606928591","0",NA,"0",NA,NA,NA,NA,NA,NA,"0","0.0257300546062708",NA,NA,NA,"0",NA,NA,NA,"0",NA,NA,"0",NA,"0","0","0",NA,NA,NA
"177","4000","2012_35","0","0.00294506816404195","0.278740097109795","0.00870781754236067",NA,"0.317195200200008",NA,"0.21896201841953",NA,NA,NA,NA,"0.173449798564263",NA,NA,NA,NA,NA,NA,NA,NA,NA,NA,NA,NA,NA,NA,NA,NA,NA,NA,NA,NA,NA,NA,NA,NA,NA,NA,NA,NA,NA
"178","3500","2012_35","0","0.00585605273172649","0.33325742839558","0.00932082768708449",NA,"0.22918294853333",NA,"0.195266172127018",NA,NA,NA,NA,"0.227116570525261",NA,NA,NA,NA,NA,NA,NA,NA,NA,NA,NA,NA,NA,NA,NA,NA,NA,NA,NA,NA,NA,NA,NA,NA,NA,NA,NA,NA,NA
"179","3000","2012_35","0.00331177823588721","0","0.368842997890367","0.0189591909934268",NA,"0.228848539658937",NA,"0.193245107113619",NA,NA,NA,NA,"0.186792386107762",NA,NA,NA,NA,NA,NA,NA,NA,NA,NA,NA,NA,NA,NA,NA,NA,NA,NA,NA,NA,NA,NA,NA,NA,NA,NA,NA,NA,NA
"180","2500","2012_35","0","0.00122932928321955","0.361595604474327","0.0237866781583602",NA,"0.296429432603797",NA,"0.178750286683155",NA,NA,NA,NA,"0.138208668797141",NA,NA,NA,NA,NA,NA,NA,NA,NA,NA,NA,NA,NA,NA,NA,NA,NA,NA,NA,NA,NA,NA,NA,NA,NA,NA,NA,NA,NA
"181","2000","2012_35","0","0.00189073219114896","0.396728501407075","0.0435497146341331",NA,"0.190017316715548",NA,"0.167416185276342",NA,NA,NA,NA,"0.200397549775752",NA,NA,NA,NA,NA,NA,NA,NA,NA,NA,NA,NA,NA,NA,NA,NA,NA,NA,NA,NA,NA,NA,NA,NA,NA,NA,NA,NA,NA
"182","1500","2012_35","0.00243225672728614","0.00486453448741952","0.339286201149746","0.0822605553855724",NA,"0.236701775199075",NA,"0.234588201975854",NA,NA,NA,NA,"0.0998664750750466",NA,NA,NA,NA,NA,NA,NA,NA,NA,NA,NA,NA,NA,NA,NA,NA,NA,NA,NA,NA,NA,NA,NA,NA,NA,NA,NA,NA,NA
"183","1000","2012_35","0.00269266483450812","0","0.0339255143839281","0.038333876922903",NA,"0.466263665101928",NA,"0.450661764063953",NA,NA,NA,NA,"0.00812251469277986",NA,NA,NA,NA,NA,NA,NA,NA,NA,NA,NA,NA,NA,NA,NA,NA,NA,NA,NA,NA,NA,NA,NA,NA,NA,NA,NA,NA,NA
"184","500","2012_35","0.0655881298535773","0","0","0.126644101948479",NA,"0.395287222424982",NA,"0.412480545772961",NA,NA,NA,NA,"0",NA,NA,NA,NA,NA,NA,NA,NA,NA,NA,NA,NA,NA,NA,NA,NA,NA,NA,NA,NA,NA,NA,NA,NA,NA,NA,NA,NA,NA
"185","4000","2012_36","0","0.0428353683175438","0.00148519410723073","0.074940500046599","0","0.496473614795037",NA,"0.144990336939907","0","0.00643083055463004",NA,NA,"0.221428363985742","0",NA,"0",NA,NA,NA,NA,NA,NA,NA,"0.0106725751474867",NA,NA,NA,NA,NA,NA,NA,"0.000743216105824572","0",NA,"0",NA,NA,NA,NA,NA,NA,NA
"186","3500","2012_36","0.000973173589600348","0.0515524909503089","0.00786154043019743","0.0685959199527502","0","0.587257430580301",NA,"0.110674268525419","0","0.000973195538263731",NA,NA,"0.154091963792573","0",NA,"0",NA,NA,NA,NA,NA,NA,NA,"0.0180200166405861",NA,NA,NA,NA,NA,NA,NA,"0","0",NA,"0",NA,NA,NA,NA,NA,NA,NA
"187","3000","2012_36","0","0.0359642705863342","0.00395315891477475","0.0946865081158869","0.000221321708240025","0.543163002271286",NA,"0.177425829091971","0","0.00271123275093965",NA,NA,"0.129094253381677","0",NA,"0",NA,NA,NA,NA,NA,NA,NA,"0.0116299417028997",NA,NA,NA,NA,NA,NA,NA,"0.00115048147599111","0",NA,"0",NA,NA,NA,NA,NA,NA,NA
"188","2500","2012_36","0.00193614558250972","0.015580606345112","0.00108015227324333","0.116654220675985","0.0112747128478684","0.456090667450944",NA,"0.172377606682311","0","0.00941385459950295",NA,NA,"0.212068485381811","0",NA,"0",NA,NA,NA,NA,NA,NA,NA,"0.00048520144402668",NA,NA,NA,NA,NA,NA,NA,"0.000225342876594043","0.00281300384009174",NA,"0",NA,NA,NA,NA,NA,NA,NA
"189","2000","2012_36","0.00293672798851104","0.0331636473663411","0.00180898247087362","0.133538556084547","0.05395022044331","0.367953723914919",NA,"0.0860739924268786","0.00520428979001899","0.00969321950295933",NA,NA,"0.272851598083867","0.00132632163807935",NA,"0.0090449244798525",NA,NA,NA,NA,NA,NA,NA,"0.0138483348262549",NA,NA,NA,NA,NA,NA,NA,"0.00332859944743107","0",NA,"0.0052768615361572",NA,NA,NA,NA,NA,NA,NA
"190","1500","2012_36","0","0.00169814739541956","0","0.0978663048006019","0.021061685014444","0.306237965923641",NA,"0.106245138040354","0.000311719409741353","0.0192399492786038",NA,NA,"0.438849470281889","0.00574516134816754",NA,"0",NA,NA,NA,NA,NA,NA,NA,"0",NA,NA,NA,NA,NA,NA,NA,"0","0",NA,"0.00274445850713714",NA,NA,NA,NA,NA,NA,NA
"191","1000","2012_36","0.00423164549789118","0","0","0.0681728078932933","0.0173138324063515","0.270925488789031",NA,"0.235185504150758","0","0",NA,NA,"0.404170721262675","0",NA,"0",NA,NA,NA,NA,NA,NA,NA,"0",NA,NA,NA,NA,NA,NA,NA,"0","0",NA,"0",NA,NA,NA,NA,NA,NA,NA
"192","500","2012_36","0","0","0","0.0825963235304108","0.00725889204381723","0.551327846540356",NA,"0.14782578166526","0","0",NA,NA,"0.210991156220156","0",NA,"0",NA,NA,NA,NA,NA,NA,NA,"0",NA,NA,NA,NA,NA,NA,NA,"0","0",NA,"0",NA,NA,NA,NA,NA,NA,NA
"193","4000","2012_48","0","0","0.00264326221134621","0.00904617908291371",NA,"0.55175306498957",NA,"0.346737298716108","0","0.000861563420163186","0.0872355568625616",NA,"0.00172307471733743",NA,NA,NA,NA,NA,NA,NA,NA,NA,NA,"0","0",NA,NA,NA,NA,NA,NA,"0",NA,NA,NA,NA,NA,NA,NA,NA,NA,NA
"194","3500","2012_48","0.000969143040185388","0","0.000419689928149696","0.00546344283850987",NA,"0.537427964745972",NA,"0.371793313128531","0.000675621516126475","0","0.0813129194212188",NA,"0.00193790538130681",NA,NA,NA,NA,NA,NA,NA,NA,NA,NA,"0","0",NA,NA,NA,NA,NA,NA,"0",NA,NA,NA,NA,NA,NA,NA,NA,NA,NA
"195","3000","2012_48","0","0","0","0.0291773671398553",NA,"0.514648736937074",NA,"0.414857961290742","0.000346976250060228","0","0.0409689583822682",NA,"0",NA,NA,NA,NA,NA,NA,NA,NA,NA,NA,"0","0",NA,NA,NA,NA,NA,NA,"0",NA,NA,NA,NA,NA,NA,NA,NA,NA,NA
"196","2500","2012_48","0.0100657445051078","0","0.00140048407555654","0.0254490178598952",NA,"0.502372603687941",NA,"0.460593866567764","0","0","0.000118283303735173",NA,"0",NA,NA,NA,NA,NA,NA,NA,NA,NA,NA,"0","0",NA,NA,NA,NA,NA,NA,"0",NA,NA,NA,NA,NA,NA,NA,NA,NA,NA
"197","2000","2012_48","0.0158753251863583","0","0","0.0108085754408837",NA,"0.451878775787883",NA,"0.520233403969617","0","0","0",NA,"0.00120391961525766",NA,NA,NA,NA,NA,NA,NA,NA,NA,NA,"0","0",NA,NA,NA,NA,NA,NA,"0",NA,NA,NA,NA,NA,NA,NA,NA,NA,NA
"198","1500","2012_48","0.00252406037721741","0","0","0.0155012079267111",NA,"0.491619822337542",NA,"0.486756658382389","0","0","0.00234495753847259",NA,"0.0012532934376681",NA,NA,NA,NA,NA,NA,NA,NA,NA,NA,"0","0",NA,NA,NA,NA,NA,NA,"0",NA,NA,NA,NA,NA,NA,NA,NA,NA,NA
"199","1000","2012_48","0","0.0246033813997447","0.00842810754626705","0.181688198296624",NA,"0.44033020179525",NA,"0.289389023324869","0","0","0.012941251661681",NA,"0.00351947633197388",NA,NA,NA,NA,NA,NA,NA,NA,NA,NA,"0.0264576747626502","0.00842850424234082",NA,NA,NA,NA,NA,NA,"0.00421418063859868",NA,NA,NA,NA,NA,NA,NA,NA,NA,NA
"200","500","2012_48","0.0382573105857801","0.0658263346613954","0","0.226294989387315",NA,"0.177264050535337",NA,"0.368379146747462","0","0","0",NA,"0",NA,NA,NA,NA,NA,NA,NA,NA,NA,NA,"0.12397816808271","0",NA,NA,NA,NA,NA,NA,"0",NA,NA,NA,NA,NA,NA,NA,NA,NA,NA
"201","4000","2012_52","0.0938118922339283","0","0.0485482701802552","0.0162979814933173","0.0489142558969434","0.380186366073404","0.339500012893989","0","0.00425304217444378","0.000848812761833169","0.0565074237276954",NA,"0.00169722882347323",NA,"0.000742632178866817","0.00521330741249962",NA,NA,NA,NA,NA,NA,NA,NA,NA,"0.00347877414935136","0",NA,NA,NA,NA,NA,NA,NA,NA,NA,NA,NA,NA,NA,NA,NA
"202","3500","2012_52","0.114795048858273","0","0.0521990851594987","0.0199669837606326","0.0746105369949082","0.388301862015712","0.250213027211373","0","0.0103567159937109","0.00619193924836967","0.0620912206809393",NA,"0.00832909790017284",NA,"0.00286406619579021","0.00731141981053642",NA,NA,NA,NA,NA,NA,NA,NA,NA,"0.00276899617008287","0",NA,NA,NA,NA,NA,NA,NA,NA,NA,NA,NA,NA,NA,NA,NA
"203","3000","2012_52","0.314863057686749","0.00225691178637861","0.0420463801227543","0.0352420449831925","0.0334238025903497","0.411504900416186","0.10422151245523","0.0021236762207654","0.0103133749189451","0.0163765949803468","0.0125875957090386",NA,"0.00738548681192613",NA,"0.00451328403613893","0.00314137728199932",NA,NA,NA,NA,NA,NA,NA,NA,NA,"0","0",NA,NA,NA,NA,NA,NA,NA,NA,NA,NA,NA,NA,NA,NA,NA
"204","2500","2012_52","0.506820316468496","0.00137957758509865","0.0149059337951214","0.0268277789759141","0.0231366993718877","0.402770274702868","0.00929399135709662","0.00292143538143734","0","0.00465535488606467","0.00628230712878287",NA,"0.00100633034723322",NA,"0","0",NA,NA,NA,NA,NA,NA,NA,NA,NA,"0","0",NA,NA,NA,NA,NA,NA,NA,NA,NA,NA,NA,NA,NA,NA,NA
"205","2000","2012_52","0.501594386822466","0","0.00709709809129647","0.0247344021469246","0.0332325201820306","0.414201728340595","0.00830332511809957","0","0","0.00288347191361814","0.00440449849602645",NA,"0.00177428442999528",NA,"0","0",NA,NA,NA,NA,NA,NA,NA,NA,NA,"0","0.00177428445894837",NA,NA,NA,NA,NA,NA,NA,NA,NA,NA,NA,NA,NA,NA,NA
"206","1500","2012_52","0.420741132215868","0","0.0161219290364041","0.0297757858355394","0.0285810733023465","0.451254685372195","0.0308935017239888","0","0.00248588956175395","0","0.0137160707941806",NA,"0.00642993215772324",NA,"0","0",NA,NA,NA,NA,NA,NA,NA,NA,NA,"0","0",NA,NA,NA,NA,NA,NA,NA,NA,NA,NA,NA,NA,NA,NA,NA
"207","1000","2012_52","0.276770527472544","0","0.0709745439743584","0.0618257462699365","0","0.507497501421112","0.0606038165026658","0","0.016461915706061","0","0",NA,"0.00586594865332282",NA,"0","0",NA,NA,NA,NA,NA,NA,NA,NA,NA,"0","0",NA,NA,NA,NA,NA,NA,NA,NA,NA,NA,NA,NA,NA,NA,NA
"208","500","2012_52","0.00902318652133439","0","0.181019169527083","0.131696301839107","0","0.62394984639262","0.0162131217970032","0","0.0129801584676047","0","0",NA,"0.0251182154552482",NA,"0","0",NA,NA,NA,NA,NA,NA,NA,NA,NA,"0","0",NA,NA,NA,NA,NA,NA,NA,NA,NA,NA,NA,NA,NA,NA,NA
"209","4000","2012_53","0.0421647157258533","0","0.0510947480625487","0.0109644527093154",NA,"0.413278414440509",NA,"0.451168922759038",NA,NA,NA,NA,"0.0313287463027352",NA,NA,NA,NA,NA,NA,NA,NA,NA,NA,NA,NA,NA,NA,NA,NA,NA,NA,NA,NA,NA,NA,NA,NA,NA,NA,NA,NA,NA
"210","3500","2012_53","0.0632981827321173","0","0.0499451892139462","0.00745986235823877",NA,"0.357519034801153",NA,"0.488263622376202",NA,NA,NA,NA,"0.0335141085183422",NA,NA,NA,NA,NA,NA,NA,NA,NA,NA,NA,NA,NA,NA,NA,NA,NA,NA,NA,NA,NA,NA,NA,NA,NA,NA,NA,NA,NA
"211","3000","2012_53","0.0954044463025029","0","0.0387067142200543","0.00836636002473666",NA,"0.325951823041715",NA,"0.502177203014338",NA,NA,NA,NA,"0.029393453396653",NA,NA,NA,NA,NA,NA,NA,NA,NA,NA,NA,NA,NA,NA,NA,NA,NA,NA,NA,NA,NA,NA,NA,NA,NA,NA,NA,NA,NA
"212","2500","2012_53","0.0763249927623249","0","0","0.00526309663320055",NA,"0.407840071421818",NA,"0.505236216805243",NA,NA,NA,NA,"0.00533562237741375",NA,NA,NA,NA,NA,NA,NA,NA,NA,NA,NA,NA,NA,NA,NA,NA,NA,NA,NA,NA,NA,NA,NA,NA,NA,NA,NA,NA,NA
"213","2000","2012_53","0.0245693956373009","0","0.00193542800018949","0.00914194385545971",NA,"0.445455157623929",NA,"0.499182104598844",NA,NA,NA,NA,"0.0197159702842775",NA,NA,NA,NA,NA,NA,NA,NA,NA,NA,NA,NA,NA,NA,NA,NA,NA,NA,NA,NA,NA,NA,NA,NA,NA,NA,NA,NA,NA
"214","1500","2012_53","0.00250602404044503","0","0.00981929437222679","0.0156966139666719",NA,"0.464353220030734",NA,"0.489337865070343",NA,NA,NA,NA,"0.0182869825195788",NA,NA,NA,NA,NA,NA,NA,NA,NA,NA,NA,NA,NA,NA,NA,NA,NA,NA,NA,NA,NA,NA,NA,NA,NA,NA,NA,NA,NA
"215","1000","2012_53","0","0.0125519337948073","0","0.0261948209800499",NA,"0.436015339840867",NA,"0.52433281667605",NA,NA,NA,NA,"0.000905088708226072",NA,NA,NA,NA,NA,NA,NA,NA,NA,NA,NA,NA,NA,NA,NA,NA,NA,NA,NA,NA,NA,NA,NA,NA,NA,NA,NA,NA,NA
"216","500","2012_53","0","0","0","0.0212029363529555",NA,"0.323793595286443",NA,"0.655003468360602",NA,NA,NA,NA,"0",NA,NA,NA,NA,NA,NA,NA,NA,NA,NA,NA,NA,NA,NA,NA,NA,NA,NA,NA,NA,NA,NA,NA,NA,NA,NA,NA,NA,NA
"217","4000","2012_54","0",NA,"0","0.00247786344333796",NA,"0.0875208949012885",NA,NA,"0.000872054389119301","0.000872049467037294",NA,NA,"0.908257137799217",NA,NA,NA,NA,NA,NA,NA,NA,NA,NA,NA,NA,NA,NA,NA,NA,NA,NA,NA,NA,NA,NA,NA,NA,NA,NA,NA,NA,NA
"218","3500","2012_54","0.000728444719285674",NA,"0.00320224254515057","0.00176146997018349",NA,"0.0912608946323347",NA,NA,"0","0.0000000647979618255285",NA,NA,"0.903046883335084",NA,NA,NA,NA,NA,NA,NA,NA,NA,NA,NA,NA,NA,NA,NA,NA,NA,NA,NA,NA,NA,NA,NA,NA,NA,NA,NA,NA,NA
"219","3000","2012_54","0.000297509887949279",NA,"0.0031657894097902","0.00137615873824152",NA,"0.119525948141472",NA,NA,"0.00115842597961896","0.00231702238996793",NA,NA,"0.87215914545296",NA,NA,NA,NA,NA,NA,NA,NA,NA,NA,NA,NA,NA,NA,NA,NA,NA,NA,NA,NA,NA,NA,NA,NA,NA,NA,NA,NA,NA
"220","2500","2012_54","0",NA,"0.00141618499219783","0.00256663143313258",NA,"0.168741074388487",NA,NA,"0.00141624809889544","0",NA,NA,"0.825859861087288",NA,NA,NA,NA,NA,NA,NA,NA,NA,NA,NA,NA,NA,NA,NA,NA,NA,NA,NA,NA,NA,NA,NA,NA,NA,NA,NA,NA,NA
"221","2000","2012_54","0",NA,"0","0",NA,"0.314932545533505",NA,NA,"0","0",NA,NA,"0.685067454466495",NA,NA,NA,NA,NA,NA,NA,NA,NA,NA,NA,NA,NA,NA,NA,NA,NA,NA,NA,NA,NA,NA,NA,NA,NA,NA,NA,NA,NA
"222","1500","2012_54","0",NA,"0","0.00765705695080631",NA,"0.451158220300907",NA,NA,"0","0",NA,NA,"0.541184722748287",NA,NA,NA,NA,NA,NA,NA,NA,NA,NA,NA,NA,NA,NA,NA,NA,NA,NA,NA,NA,NA,NA,NA,NA,NA,NA,NA,NA,NA
"223","1000","2012_54","0",NA,"0","0.00175454170533083",NA,"0.505823476768252",NA,NA,"0","0",NA,NA,"0.492421981526417",NA,NA,NA,NA,NA,NA,NA,NA,NA,NA,NA,NA,NA,NA,NA,NA,NA,NA,NA,NA,NA,NA,NA,NA,NA,NA,NA,NA,NA
"224","500","2012_54","0",NA,"0","0.0591677420824701",NA,"0.610455241643746",NA,NA,"0","0",NA,NA,"0.330377016273784",NA,NA,NA,NA,NA,NA,NA,NA,NA,NA,NA,NA,NA,NA,NA,NA,NA,NA,NA,NA,NA,NA,NA,NA,NA,NA,NA,NA,NA
"225","4000","2012_55",NA,NA,"0.014762326483836","0.00584888118232255",NA,"0.453223489815283",NA,"0.408933510074798","0","0",NA,NA,"0.117231792443761",NA,NA,NA,NA,NA,NA,NA,NA,NA,NA,"0",NA,NA,NA,NA,NA,NA,NA,NA,NA,NA,"0",NA,NA,NA,NA,NA,NA,NA
"226","3500","2012_55",NA,NA,"0.00908690097449646","0.00407986408899168",NA,"0.389656748632723",NA,"0.541615225235657","0","0.0009716683036244",NA,NA,"0.0545895927645073",NA,NA,NA,NA,NA,NA,NA,NA,NA,NA,"0",NA,NA,NA,NA,NA,NA,NA,NA,NA,NA,"0",NA,NA,NA,NA,NA,NA,NA
"227","3000","2012_55",NA,NA,"0.00177141545050831","0.00797768861662831",NA,"0.398790074408855",NA,"0.55078667747007","0","0",NA,NA,"0.040674144053938",NA,NA,NA,NA,NA,NA,NA,NA,NA,NA,"0",NA,NA,NA,NA,NA,NA,NA,NA,NA,NA,"0",NA,NA,NA,NA,NA,NA,NA
"228","2500","2012_55",NA,NA,"0.00280777105404685","0.0113057057782147",NA,"0.419578487952068",NA,"0.545929395188394","0","0.00140391000516234",NA,NA,"0.018974730022114",NA,NA,NA,NA,NA,NA,NA,NA,NA,NA,"0",NA,NA,NA,NA,NA,NA,NA,NA,NA,NA,"0",NA,NA,NA,NA,NA,NA,NA
"229","2000","2012_55",NA,NA,"0","0.0159669837647047",NA,"0.465728986233918",NA,"0.512632731464543","0.00180581793348789","0",NA,NA,"0.00386548060334668",NA,NA,NA,NA,NA,NA,NA,NA,NA,NA,"0",NA,NA,NA,NA,NA,NA,NA,NA,NA,NA,"0",NA,NA,NA,NA,NA,NA,NA
"230","1500","2012_55",NA,NA,"0.00356113718928057","0.0220203739188578",NA,"0.560018860283925",NA,"0.410558066650916","0","0",NA,NA,"0.00384156195702119",NA,NA,NA,NA,NA,NA,NA,NA,NA,NA,"0",NA,NA,NA,NA,NA,NA,NA,NA,NA,NA,"0",NA,NA,NA,NA,NA,NA,NA
"231","1000","2012_55",NA,NA,"0.00997682651444227","0.047072601277729",NA,"0.57872742408502",NA,"0.33129799873216","0","0",NA,NA,"0.0262147741620237",NA,NA,NA,NA,NA,NA,NA,NA,NA,NA,"0.00415252746122635",NA,NA,NA,NA,NA,NA,NA,NA,NA,NA,"0.00255784776739927",NA,NA,NA,NA,NA,NA,NA
"232","500","2012_55",NA,NA,"0.0668645021729057","0.0934563675134432",NA,"0.590335718690275",NA,"0.189426263307433","0","0.0255664785761102",NA,NA,"0.029090620852751",NA,NA,NA,NA,NA,NA,NA,NA,NA,NA,"0.000217137223182469",NA,NA,NA,NA,NA,NA,NA,NA,NA,NA,"0.00504291166389935",NA,NA,NA,NA,NA,NA,NA
"233","4000","2012_56","0.116409560803834","0.0037770249423713","0.262336608312465","0.017509611858795",NA,"0.399193115450022",NA,"0.133335560790251",NA,NA,NA,NA,"0.0674385178422615",NA,NA,NA,NA,NA,NA,NA,NA,NA,NA,"0","0",NA,NA,NA,NA,NA,NA,NA,NA,NA,NA,NA,NA,NA,NA,NA,NA,NA
"234","3500","2012_56","0.109593197702928","0.00632880916929089","0.160270554393819","0.0221284684756887",NA,"0.50011454988482",NA,"0.150039775337093",NA,NA,NA,NA,"0.0515246450363598",NA,NA,NA,NA,NA,NA,NA,NA,NA,NA,"0","0",NA,NA,NA,NA,NA,NA,NA,NA,NA,NA,NA,NA,NA,NA,NA,NA,NA
"235","3000","2012_56","0.0813067459529832","0.00456319783056582","0.185003425153528","0.0327841532784878",NA,"0.504258788808236",NA,"0.139440196516389",NA,NA,NA,NA,"0.0526434924598105",NA,NA,NA,NA,NA,NA,NA,NA,NA,NA,"0","0",NA,NA,NA,NA,NA,NA,NA,NA,NA,NA,NA,NA,NA,NA,NA,NA,NA
"236","2500","2012_56","0.139513418781985","0.00446683625420968","0.287329614928638","0.041592840711683",NA,"0.342773540165933",NA,"0.1131671942453",NA,NA,NA,NA,"0.0711565549122512",NA,NA,NA,NA,NA,NA,NA,NA,NA,NA,"0","0",NA,NA,NA,NA,NA,NA,NA,NA,NA,NA,NA,NA,NA,NA,NA,NA,NA
"237","2000","2012_56","0.181193437072844","0.0310008386594198","0.360956641663103","0.0666497280887759",NA,"0.212319443341343",NA,"0.0469321081678195",NA,NA,NA,NA,"0.0987318834333325",NA,NA,NA,NA,NA,NA,NA,NA,NA,NA,"0.000427359311703434","0.00178856026165843",NA,NA,NA,NA,NA,NA,NA,NA,NA,NA,NA,NA,NA,NA,NA,NA,NA
"238","1500","2012_56","0.178808773992775","0.00865646559991457","0.352281650524471","0.0336684088476006",NA,"0.290436203908583",NA,"0",NA,NA,NA,NA,"0.129229748426116",NA,NA,NA,NA,NA,NA,NA,NA,NA,NA,"0.00691874870054066","0",NA,NA,NA,NA,NA,NA,NA,NA,NA,NA,NA,NA,NA,NA,NA,NA,NA
"239","1000","2012_56","0.0340394258431178","0","0.401945111272","0.043608271085386",NA,"0.327054459913732",NA,"0",NA,NA,NA,NA,"0.193352731885764",NA,NA,NA,NA,NA,NA,NA,NA,NA,NA,"0","0",NA,NA,NA,NA,NA,NA,NA,NA,NA,NA,NA,NA,NA,NA,NA,NA,NA
"240","500","2012_56","0","0","0.524877259830405","0.0795530894931887",NA,"0.272768691816061",NA,"0",NA,NA,NA,NA,"0.122800958860345",NA,NA,NA,NA,NA,NA,NA,NA,NA,NA,"0","0",NA,NA,NA,NA,NA,NA,NA,NA,NA,NA,NA,NA,NA,NA,NA,NA,NA
"241","4000","2012_57","0.128297576628595","0.00043706412370915","0.0378988214526909","0.00995094854730754","0.000827656042637588","0.20960597072615","0","0.54054178460994","0.00328490229030152",NA,NA,NA,"0.0691552755786681",NA,NA,NA,NA,NA,NA,NA,NA,NA,NA,NA,NA,NA,NA,NA,NA,NA,NA,NA,NA,NA,NA,NA,NA,NA,NA,NA,NA,NA
"242","3500","2012_57","0.15706528777745","0","0.00247961089114332","0.00692047067494414","0","0.317818524937726","0","0.509437959061788","0",NA,NA,NA,"0.00627814665694828",NA,NA,NA,NA,NA,NA,NA,NA,NA,NA,NA,NA,NA,NA,NA,NA,NA,NA,NA,NA,NA,NA,NA,NA,NA,NA,NA,NA,NA
"243","3000","2012_57","0.265357112636812","0","0.00997130797829462","0.00702855135346156","0.00220508235782595","0.332740661940033","0.00110269956072078","0.377191287971665","0",NA,NA,NA,"0.00440329620118726",NA,NA,NA,NA,NA,NA,NA,NA,NA,NA,NA,NA,NA,NA,NA,NA,NA,NA,NA,NA,NA,NA,NA,NA,NA,NA,NA,NA,NA
"244","2500","2012_57","0.339013265987765","0","0.0143973071430416","0.00751736282660468","0","0.354751287250813","0","0.280275082094552","0",NA,NA,NA,"0.00404569469722335",NA,NA,NA,NA,NA,NA,NA,NA,NA,NA,NA,NA,NA,NA,NA,NA,NA,NA,NA,NA,NA,NA,NA,NA,NA,NA,NA,NA,NA
"245","2000","2012_57","0.371158775130725","0","0","0.0136046238260349","0.00346823113809667","0.384232212547557","0","0.227536157357587","0",NA,NA,NA,"0",NA,NA,NA,NA,NA,NA,NA,NA,NA,NA,NA,NA,NA,NA,NA,NA,NA,NA,NA,NA,NA,NA,NA,NA,NA,NA,NA,NA,NA
"246","1500","2012_57","0.451926871081054","0","0","0.0192952106934905","0.00242956213675138","0.47647974590284","0","0.0498686101858635","0",NA,NA,NA,"0",NA,NA,NA,NA,NA,NA,NA,NA,NA,NA,NA,NA,NA,NA,NA,NA,NA,NA,NA,NA,NA,NA,NA,NA,NA,NA,NA,NA,NA
"247","1000","2012_57","0.431081083156537","0","0","0.0318651326802859","0","0.537053784163177","0","0","0",NA,NA,NA,"0",NA,NA,NA,NA,NA,NA,NA,NA,NA,NA,NA,NA,NA,NA,NA,NA,NA,NA,NA,NA,NA,NA,NA,NA,NA,NA,NA,NA,NA
"248","500","2012_57","0.343092757568722","0","0","0.0709065639029074","0","0.58600067852837","0","0","0",NA,NA,NA,"0",NA,NA,NA,NA,NA,NA,NA,NA,NA,NA,NA,NA,NA,NA,NA,NA,NA,NA,NA,NA,NA,NA,NA,NA,NA,NA,NA,NA,NA
"249","4000","2012_58","0.304165353748945","0.000567204254110702","0.0744295065431991","0.020583600304731","0.00691900780775475","0.235476850747448","0.321908856975814","0.00254059383254286","0.00169326044976256",NA,"0.00436654771502449",NA,NA,NA,NA,"0.000846808774098053",NA,NA,NA,NA,NA,NA,NA,"0",NA,"0.0265024088465703",NA,NA,NA,NA,NA,NA,NA,NA,NA,NA,NA,NA,NA,NA,NA,NA
"250","3500","2012_58","0.303296423098309","0","0.0180741907851734","0.0182204466696552","0.00565429973486522","0.199083428334483","0.431807698676681","0.000948899820389482","0",NA,"0.00742158233696824",NA,NA,NA,NA,"0",NA,NA,NA,NA,NA,NA,NA,"0",NA,"0.0154930305434757",NA,NA,NA,NA,NA,NA,NA,NA,NA,NA,NA,NA,NA,NA,NA,NA
"251","3000","2012_58","0.244541100119471","0","0.0329936469016973","0.0179952443460286","0.0166406466800385","0.230197742414185","0.441279739532104","0.00333278660544575","0",NA,"0.0070174118226032",NA,NA,NA,NA,"0",NA,NA,NA,NA,NA,NA,NA,"0",NA,"0.00600168157842678",NA,NA,NA,NA,NA,NA,NA,NA,NA,NA,NA,NA,NA,NA,NA,NA
"252","2500","2012_58","0.171127690885394","0","0.0324164720588028","0.0330605161633064","0.0131985227114086","0.207869550509295","0.531179165144898","0.0014107201665969","0.000150327486246863",NA,"0.00101911462637454",NA,NA,NA,NA,"0",NA,NA,NA,NA,NA,NA,NA,"0",NA,"0.00856792024767729",NA,NA,NA,NA,NA,NA,NA,NA,NA,NA,NA,NA,NA,NA,NA,NA
"253","2000","2012_58","0.107166894259617","0","0.0301751886469836","0.0228856274425869","0.00460624323662747","0.26482440065266","0.547633131422424","0.00176378388056163","0.00333420805940657",NA,"0.00352735491378159",NA,NA,NA,NA,"0",NA,NA,NA,NA,NA,NA,NA,"0.001604318927407",NA,"0.0124788485579446",NA,NA,NA,NA,NA,NA,NA,NA,NA,NA,NA,NA,NA,NA,NA,NA
"254","1500","2012_58","0.00744988489648214","0","0.0625416270168942","0.0437110706673875","0.0116324887705145","0.34766615272736","0.518804641120706","0.00247114795496092","0",NA,"0",NA,NA,NA,NA,"0",NA,NA,NA,NA,NA,NA,NA,"0.00022359319056948",NA,"0.00549939365512441",NA,NA,NA,NA,NA,NA,NA,NA,NA,NA,NA,NA,NA,NA,NA,NA
"255","1000","2012_58","0.0123770330708922","0","0.219533509365296","0.076456247106475","0.00448478924825592","0.419418302973013","0.244717779026163","0","0.00412558659873607",NA,"0",NA,NA,NA,NA,"0",NA,NA,NA,NA,NA,NA,NA,"0",NA,"0.0188867526111693",NA,NA,NA,NA,NA,NA,NA,NA,NA,NA,NA,NA,NA,NA,NA,NA
"256","500","2012_58","0","0","0.185278157250096","0.00519945727199293","0","0.809522385477911","0","0","0",NA,"0",NA,NA,NA,NA,"0",NA,NA,NA,NA,NA,NA,NA,"0",NA,"0",NA,NA,NA,NA,NA,NA,NA,NA,NA,NA,NA,NA,NA,NA,NA,NA
"257","4000","2012_59","0","0","0.0307629792326887","0.00921285096593287","0.000266338698672625","0.474633893181855",NA,"0.399855595577957",NA,"0.000827587798931846","0",NA,"0.0524240533779566",NA,"0.0320167011660051",NA,NA,NA,NA,NA,NA,NA,NA,NA,NA,NA,NA,NA,NA,NA,NA,NA,NA,NA,NA,NA,NA,NA,NA,NA,NA,NA
"258","3500","2012_59","0.000929934639894827","0","0.00460326792871623","0.0140126048394231","0.00063065670684521","0.487089638683766",NA,"0.454856755934539",NA,"0","0.000929940448294397",NA,"0.0303506945007149",NA,"0.00659650631780647",NA,NA,NA,NA,NA,NA,NA,NA,NA,NA,NA,NA,NA,NA,NA,NA,NA,NA,NA,NA,NA,NA,NA,NA,NA,NA,NA
"259","3000","2012_59","0.00219831080810458","0","0.00606755784101174","0.0134888410152663","0","0.443814610441892",NA,"0.505826464981055",NA,"0","0",NA,"0.0265091038301613",NA,"0.00209511108250915",NA,NA,NA,NA,NA,NA,NA,NA,NA,NA,NA,NA,NA,NA,NA,NA,NA,NA,NA,NA,NA,NA,NA,NA,NA,NA,NA
"260","2500","2012_59","0","0","0.0124989490692704","0.011452422215462","0","0.410892749391112",NA,"0.553404811245922",NA,"0","0",NA,"0.0117510680782332",NA,"0",NA,NA,NA,NA,NA,NA,NA,NA,NA,NA,NA,NA,NA,NA,NA,NA,NA,NA,NA,NA,NA,NA,NA,NA,NA,NA,NA
"261","2000","2012_59","0.00345669349638032","0","0.00385392328803638","0.0180440187153803","0","0.349558803116981",NA,"0.623358205261826",NA,"0","0",NA,"0.0017283561213958",NA,"0",NA,NA,NA,NA,NA,NA,NA,NA,NA,NA,NA,NA,NA,NA,NA,NA,NA,NA,NA,NA,NA,NA,NA,NA,NA,NA,NA
"262","1500","2012_59","0","0","0","0.0404235380525473","0","0.336311085318847",NA,"0.623265376628606",NA,"0","0",NA,"0",NA,"0",NA,NA,NA,NA,NA,NA,NA,NA,NA,NA,NA,NA,NA,NA,NA,NA,NA,NA,NA,NA,NA,NA,NA,NA,NA,NA,NA
"263","1000","2012_59","0","0.00808573430194504","0","0.0590355918746433","0","0.39644058728448",NA,"0.525002062825252",NA,"0","0",NA,"0.00404280216693803",NA,"0.00739322154674169",NA,NA,NA,NA,NA,NA,NA,NA,NA,NA,NA,NA,NA,NA,NA,NA,NA,NA,NA,NA,NA,NA,NA,NA,NA,NA,NA
"264","500","2012_59","0","0","0","0.0766349178958494","0","0.541654805803139",NA,"0.367380368961297",NA,"0","0",NA,"0",NA,"0.0143299073397147",NA,NA,NA,NA,NA,NA,NA,NA,NA,NA,NA,NA,NA,NA,NA,NA,NA,NA,NA,NA,NA,NA,NA,NA,NA,NA,NA
"265","4000","2012_60","0.282675084431625",NA,"0.06930918917031","0.0218662707360084","0.0640705655518805","0.264079452227618","0","0.130076177572749","0.0191168299935182","0.0374624714429916","0.00297364355895052",NA,"0.00532969868065554",NA,"0.0980611010109647",NA,NA,NA,NA,NA,NA,NA,NA,NA,NA,"0","0.00256781173922056","0.00241170388350845",NA,NA,NA,NA,NA,NA,NA,NA,NA,NA,NA,NA,NA,NA
"266","3500","2012_60","0.308466445665895",NA,"0.0442361711296365","0.0133305365469109","0.0199719627595644","0.236780653505224","0.0057777394118009","0.183491267942884","0.0198174605530553","0.024087963714979","0.00689239834072516",NA,"0.00283447460428926",NA,"0.124067164095459",NA,NA,NA,NA,NA,NA,NA,NA,NA,NA,"0","0.00910614601878788","0.00113961571078807",NA,NA,NA,NA,NA,NA,NA,NA,NA,NA,NA,NA,NA,NA
"267","3000","2012_60","0.308130067782823",NA,"0.0131783679367286","0.0186617891638557","0.0226128231042869","0.153025659441061","0.00455413874590137","0.267015472773423","0.0292416074288239","0.0155227772874128","0.0161080253789709",NA,"0.00414571198981295",NA,"0.113125928661775",NA,NA,NA,NA,NA,NA,NA,NA,NA,NA,"0.00112229536639348","0.0232329355280382","0.0103223994106933",NA,NA,NA,NA,NA,NA,NA,NA,NA,NA,NA,NA,NA,NA
"268","2500","2012_60","0.298165906774763",NA,"0.0166027845253257","0.0320719646177149","0.0825029491859135","0.0544828678978759","0.00278358711159006","0.273558340763606","0.033004969598068","0.00739596677561727","0.0158666204823192",NA,"0.00384343311235307",NA,"0.144857701266399",NA,NA,NA,NA,NA,NA,NA,NA,NA,NA,"0.0000198435119440244","0.00714467672417513","0.0276983876523356",NA,NA,NA,NA,NA,NA,NA,NA,NA,NA,NA,NA,NA,NA
"269","2000","2012_60","0.475191481779835",NA,"0.0126551684771563","0.0224257415341754","0.0725217989094168","0.0907653945640461","0","0.187434391953564","0.0166371978127883","0.00842859922086228","0.00231739032111975",NA,"0",NA,"0.097743997140399",NA,NA,NA,NA,NA,NA,NA,NA,NA,NA,"0","0.00109222584892658","0.0127866124377097",NA,NA,NA,NA,NA,NA,NA,NA,NA,NA,NA,NA,NA,NA
"270","1500","2012_60","0.460705229911049",NA,"0.00257887697951266","0.0200671409401412","0.0188677211560388","0.452221585421167","0","0.0145245330325535","0.007787269802698","0.00501606038544863","0",NA,"0",NA,"0.010005910290766",NA,NA,NA,NA,NA,NA,NA,NA,NA,NA,"0","0.000977776888681449","0.00724789519194372",NA,NA,NA,NA,NA,NA,NA,NA,NA,NA,NA,NA,NA,NA
"271","1000","2012_60","0.351320244611419",NA,"0.034270185795832","0.0442431335148656","0.00418739014159884","0.53979158102415","0","0","0","0.00418749166458543","0",NA,"0.00188941425971975",NA,"0.0201105589878297",NA,NA,NA,NA,NA,NA,NA,NA,NA,NA,"0","0","0",NA,NA,NA,NA,NA,NA,NA,NA,NA,NA,NA,NA,NA,NA
"272","500","2012_60","0.264144877882701",NA,"0.00998262502027634","0.132203746191241","0","0.573993930710197","0","0","0","0.0126715132719769","0",NA,"0.00695405386466421",NA,"0.0000492530589434896",NA,NA,NA,NA,NA,NA,NA,NA,NA,NA,"0","0","0",NA,NA,NA,NA,NA,NA,NA,NA,NA,NA,NA,NA,NA,NA
"273","4000","2012_61","0","0.0124711106748212","0.0139782443569276","0.0140410120403461","0","0","0.00415574666525671","0.00084398269178157","0.00602016396522337","0.308001106053534","0.233303637784144",NA,"0.0302006792095636",NA,NA,NA,"0","0.105028907235035",NA,"0.0254283011539022","0.000842216797425258","0.124804417368178","0","0.00334133221416856","0.0114562021041947",NA,"0",NA,NA,NA,NA,"0.00374513522764044",NA,"0.000842431989292668","0",NA,NA,NA,NA,"0.101495372468564","0",NA
"274","3500","2012_61","0.0101578425589166","0.0254647646206676","0.0202053883005124","0.0218630480382437","0.00038659219154641","0.00197059730844843","0.011523660566485","0.00472943070861102","0.0108960923463218","0.297851285035366","0.16926271300666",NA,"0.0321511312404938",NA,NA,NA,"0.000946325054785518","0.097510731710507",NA,"0.0244207735316651","0.000946247275106791","0.153798418441117","0.000946324255815676","0.00189261570990927","0.0200680870233972",NA,"0",NA,NA,NA,NA,"0.00236748033896378",NA,"0.00145560660609297","0.00189314227321835",NA,NA,NA,NA,"0.087291701857149","0",NA
"275","3000","2012_61","0.148738452930693","0.00342861143165183","0.0146227583263447","0.0065421882975496","0.000661886246293871","0.00764435328660725","0.0186632691795177","0","0.00709212677482137","0.245099002059252","0.0565732137039167",NA,"0.0454260427284662",NA,NA,NA,"0","0.152243138402718",NA,"0.0215012030216917","0","0.223336266802298","0","0","0.019783647982851",NA,"0",NA,NA,NA,NA,"0",NA,"0.001635076123965","0",NA,NA,NA,NA,"0.027008762701363","0",NA
"276","2500","2012_61","0.226991043220476","0.00576319421127391","0.0133142525339095","0.0177023494265076","0","0.00865332085968155","0.0016491913696876","0.000000840427519822677","0","0.118824612303303","0.00136775524303981",NA,"0.0740797403656719",NA,NA,NA,"0.00136769087717695","0.228188542062497",NA,"0.0229009708465699","0","0.238898116924364","0","0.00618534825959895","0.0221473662142097",NA,"0.00294638728527294",NA,NA,NA,NA,"0.00218163396482101",NA,"0","0.00547013921663964",NA,NA,NA,NA,"0","0.00136750438777906",NA
"277","2000","2012_61","0.30460837541156","0.00175896131729069","0.00365991794557087","0.00414701673495637","0","0.0136486443715917","0.00527714278435621","0.0193501190640559","0.0029045588947824","0.0308118992171279","0",NA,"0.023454168747632",NA,NA,NA,"0","0.299891677188313",NA,"0.00246902574175935","0","0.280097898417023","0","0.0008388151184151","0.00312300505130994",NA,"0.00148803743612207",NA,NA,NA,NA,"0.00247073655813407",NA,"0","0",NA,NA,NA,NA,"0","0",NA
"278","1500","2012_61","0.362884192023038","0","0","0","0","0.00000182166370907057","0.00235638851589789","0","0.00332462881734128","0","0",NA,"0",NA,NA,NA,"0","0.313756170726685",NA,"0.0152370634876232","0.00146956040767513","0.300416240407332","0","0","0.000553933950697938",NA,"0",NA,NA,NA,NA,"0",NA,"0","0",NA,NA,NA,NA,"0","0",NA
"279","1000","2012_61","0.389508106376772","0","0.00411486895899269","0","0","0","0.00840980226940207","0","0.00652952374279809","0.00411484408706135","0",NA,"0.00411465465040653",NA,NA,NA,"0","0.283816446690168",NA,"0.0197764850455124","0.00166134192134953","0.277953926257538","0","0","0",NA,"0",NA,NA,NA,NA,"0",NA,"0","0",NA,NA,NA,NA,"0","0",NA
"280","500","2012_61","0.415168612306699","0","0.0124521612155805","0","0","0.0249042870601053","0.0124519193230633","0","0.0175971167350153","0","0",NA,"0",NA,NA,NA,"0","0.238755808872802",NA,"0.0747127395750918","0","0.203957354911643","0","0","0",NA,"0",NA,NA,NA,NA,"0",NA,"0","0",NA,NA,NA,NA,"0","0",NA
"281","4000","2012_63","0.064632315982461","0","0.0843802691728894","0.0152485680893028","0.0123307564508464","0.429145164018831","0.077076446603482","0.0155195438265864","0.00107052923626875","0.0025666478258656","0.00566846299658095",NA,"0.144240395007536",NA,"0.066372592906983","0.0504262423420464",NA,NA,NA,NA,NA,NA,NA,"0",NA,"0.00171150044481794",NA,NA,NA,NA,"0.000855538542633271","0",NA,NA,NA,"0.0287550265528689",NA,NA,NA,NA,NA,NA
"282","3500","2012_63","0.0545853060186742","0","0.0496556269421982","0.0201302921172446","0.0101776798487989","0.507126665340336","0.147804651135245","0.000844803975788161","0.00263562206492501","0.00331588081091561","0.000360447546343732",NA,"0.0423012303711773",NA,"0.0610395199106346","0.0752905121388697",NA,NA,NA,NA,NA,NA,NA,"0",NA,"0.00047003808554509",NA,NA,NA,NA,"0","0",NA,NA,NA,"0.0242617236933039",NA,NA,NA,NA,NA,NA
"283","3000","2012_63","0.116011913233896","0","0.00865128368723857","0.0173982657644427","0.0126104974011869","0.487663042578081","0.244309124359192","0","0.00318672767105263","0.00174692221978051","0.00561041329140644",NA,"0.0293080503048125",NA,"0.0635121873335694","0.00420151488483274",NA,NA,NA,NA,NA,NA,NA,"0",NA,"0.00579005727050907",NA,NA,NA,NA,"0","0",NA,NA,NA,"0",NA,NA,NA,NA,NA,NA
"284","2500","2012_63","0.270198048991453","0","0.00962984853788626","0.0235351568945259","0.0219842461923344","0.340480067487249","0.236917644999141","0","0.00164611836557217","0.00138551377187609","0.00422696031826398",NA,"0.0129240328868986",NA,"0.0646261220516327","0",NA,NA,NA,NA,NA,NA,NA,"0",NA,"0.0124462395031662",NA,NA,NA,NA,"0","0",NA,NA,NA,"0",NA,NA,NA,NA,NA,NA
"285","2000","2012_63","0.370468218877199","0","0.0256956274384123","0.0262857436148525","0.0381361560512948","0.285510926235738","0.223622542621766","0","0.00178226662298595","0.00178250685629666","0",NA,"0",NA,"0.0241855923902658","0",NA,NA,NA,NA,NA,NA,NA,"0",NA,"0.00253041929118855",NA,NA,NA,NA,"0","0",NA,NA,NA,"0",NA,NA,NA,NA,NA,NA
"286","1500","2012_63","0.398172179503698","0","0.0515574736950108","0.0305618248828608","0.0464742616491333","0.365601661072347","0.100141703435945","0","0.00499413062571339","0.00249676513529132","0",NA,"0",NA,"0","0",NA,NA,NA,NA,NA,NA,NA,"0",NA,"0",NA,NA,NA,NA,"0","0",NA,NA,NA,"0",NA,NA,NA,NA,NA,NA
"287","1000","2012_63","0.42063215670264","0.00397279508888741","0.0265247464223045","0.0250557337273353","0","0.494631301118356","0","0.00416904425541196","0","0","0",NA,"0.00416901965488359",NA,"0","0",NA,NA,NA,NA,NA,NA,NA,"0.0166761586922986",NA,"0",NA,NA,NA,NA,"0","0.00416904433788225",NA,NA,NA,"0",NA,NA,NA,NA,NA,NA
"288","500","2012_63","0.383827735798587","0.000593883938663593","0.00778726484128939","0.100672848318799","0","0.507118267102661","0","0","0","0","0",NA,"0",NA,"0","0",NA,NA,NA,NA,NA,NA,NA,"0",NA,"0",NA,NA,NA,NA,"0","0",NA,NA,NA,"0",NA,NA,NA,NA,NA,NA
"289","4000","2012_64","0.146517545984156","0.0124637209872609","0.0316018111633449","0.024403366520992","0.103113290023037","0.536826582481064","0.128508699411906","0","0",NA,"0.0157152735793151",NA,"0",NA,NA,NA,NA,NA,NA,NA,NA,NA,NA,"0",NA,"0.000849709848922965",NA,NA,NA,NA,NA,"0",NA,NA,NA,NA,NA,NA,NA,NA,NA,NA
"290","3500","2012_64","0.23299262003141","0.0170514801740141","0.0435932028521333","0.0490093073590205","0.120549230271204","0.421261363471661","0.111719533564116","0","0",NA,"0.00382326227644117",NA,"0",NA,NA,NA,NA,NA,NA,NA,NA,NA,NA,"0",NA,"0",NA,NA,NA,NA,NA,"0",NA,NA,NA,NA,NA,NA,NA,NA,NA,NA
"291","3000","2012_64","0.216189133215068","0.0304497447095251","0.0341640315613388","0.0691666420425098","0.0538572440730601","0.471660333353677","0.114871648402526","0","0.0022599821904746",NA,"0.00625135299082764",NA,"0.00112988746099309",NA,NA,NA,NA,NA,NA,NA,NA,NA,NA,"0",NA,"0",NA,NA,NA,NA,NA,"0",NA,NA,NA,NA,NA,NA,NA,NA,NA,NA
"292","2500","2012_64","0.220302287430178","0.00138142587093209","0.0459495477054121","0.0126774517449084","0.00425101646021118","0.502743467836618","0.202912897731804","0","0.00414439814847271",NA,"0.00287458179619826",NA,"0.00276292527526472",NA,NA,NA,NA,NA,NA,NA,NA,NA,NA,"0",NA,"0",NA,NA,NA,NA,NA,"0",NA,NA,NA,NA,NA,NA,NA,NA,NA,NA
"293","2000","2012_64","0.150455432383109","0.00187363684488604","0.117578053946402","0.0181098247531749","0.00163966411197178","0.579415992005673","0.130241354658171","0","0",NA,"0.000686041296612768",NA,"0",NA,NA,NA,NA,NA,NA,NA,NA,NA,NA,"0",NA,"0",NA,NA,NA,NA,NA,"0",NA,NA,NA,NA,NA,NA,NA,NA,NA,NA
"294","1500","2012_64","0.130322354651499","0.00484328449259648","0.0998394932710911","0.0179278129481296","0","0.723999942089182","0.00813048705779219","0","0",NA,"0",NA,"0.00746828504874538",NA,NA,NA,NA,NA,NA,NA,NA,NA,NA,"0.00497889854613319",NA,"0",NA,NA,NA,NA,NA,"0.00248944189483121",NA,NA,NA,NA,NA,NA,NA,NA,NA,NA
"295","1000","2012_64","0.0370553907685965","0","0.054141115037318","0.0411312314028302","0","0.863515959545624","0","0.00415630324563163","0",NA,"0",NA,"0",NA,NA,NA,NA,NA,NA,NA,NA,NA,NA,"0",NA,"0",NA,NA,NA,NA,NA,"0",NA,NA,NA,NA,NA,NA,NA,NA,NA,NA
"296","500","2012_64","0.000298606557167376","0","0.0107455833449793","0.113062044572131","0","0.875893765525722","0","0","0",NA,"0",NA,"0",NA,NA,NA,NA,NA,NA,NA,NA,NA,NA,"0",NA,"0",NA,NA,NA,NA,NA,"0",NA,NA,NA,NA,NA,NA,NA,NA,NA,NA
"297","4000","2012_65","0.00338944519680463","0.000847346770954744","0.054741435329793","0.0114858503423883","0.000796884080522726","0.493476726617282","0.287268079350027","0","0.0358334535282825","0.0617490635431482","0.00439116200750875",NA,"0.00368770795448819",NA,"0.00337872650738964","0.017076180375999",NA,NA,NA,NA,NA,NA,NA,NA,NA,"0","0.0201835248862754","0",NA,NA,NA,NA,NA,"0",NA,"0.00169441350913629",NA,NA,NA,NA,NA,"0"
"298","3500","2012_65","0","0.000970854349428128","0.0584649112819216","0.00853071829697607","0","0.535207580931592","0.262066192218291","0.0000237655471973917","0.0223112166574296","0.0321828671265488","0.00173376815239011",NA,"0.0097298253999845",NA,"0.00177060860728306","0.0249649946076117",NA,NA,NA,NA,NA,NA,NA,NA,NA,"0","0.0372714322411525","0",NA,NA,NA,NA,NA,"0",NA,"0.00477126458219354",NA,NA,NA,NA,NA,"0"
"299","3000","2012_65","0","0.00110863125688015","0.096447850956035","0.0239005425615097","0.00338432635792691","0.419322570544535","0.285294742298213","0.00222766281339586","0.0252741545322841","0.0421874627911526","0.00112792574622523",NA,"0.00948789918007793",NA,"0.00541577553528432","0.00844911410118727",NA,NA,NA,NA,NA,NA,NA,NA,NA,"0","0.0718587312516927","0",NA,NA,NA,NA,NA,"0.00225586628011137",NA,"0.0011286912082664",NA,NA,NA,NA,NA,"0.00112805258522272"
"300","2500","2012_65","0.00470286574950466","0","0.0983149733307061","0.0326747311282313","0.0212179073277565","0.400429970110751","0.284602949083555","0","0.0238075704528357","0.0892140491344315","0",NA,"0.00912342962259236",NA,"0.00185244169493765","0.0192959818623595",NA,NA,NA,NA,NA,NA,NA,NA,NA,"0","0.0131682397221963","0.00159489078014183",NA,NA,NA,NA,NA,"0",NA,"0",NA,NA,NA,NA,NA,"0"
"301","2000","2012_65","0.00311428493336019","0.0123955817017782","0.0424186463045418","0.0357898978221304","0.152806233303472","0.331222159845312","0.335055243766457","0","0.0216739247447931","0.0304322230430818","0",NA,"0.00884706043273192",NA,"0","0.0247487025233519",NA,NA,NA,NA,NA,NA,NA,NA,NA,"0","0","0.00149604157898974",NA,NA,NA,NA,NA,"0",NA,"0",NA,NA,NA,NA,NA,"0"
"302","1500","2012_65","0.0176651590370262","0.0000283478693517356","0.034430144632852","0.0208085636177234","0.246635237747555","0.320745588408172","0.32714078629181","0","0.00520869696563043","0.0049705090334159","0.0024852571310514",NA,"0.0173964815408115",NA,"0","0",NA,NA,NA,NA,NA,NA,NA,NA,NA,"0.00248522772460097","0","0",NA,NA,NA,NA,NA,"0",NA,"0",NA,NA,NA,NA,NA,"0"
"303","1000","2012_65","0.0134457406253209","0","0.0660836310443435","0.0258495680272534","0.272605923329586","0.298058039560409","0.316056475778633","0","0.00375147733560283","0","0",NA,"0.00414914429885182",NA,"0","0",NA,NA,NA,NA,NA,NA,NA,NA,NA,"0","0","0",NA,NA,NA,NA,NA,"0",NA,"0",NA,NA,NA,NA,NA,"0"
"304","500","2012_65","0.0311959795014708","0","0.130824559614595","0.0677667094709973","0.307809643461326","0.252699168546621","0.197147949765761","0","0.0125559896392286","0","0",NA,"0",NA,"0","0",NA,NA,NA,NA,NA,NA,NA,NA,NA,"0","0","0",NA,NA,NA,NA,NA,"0",NA,"0",NA,NA,NA,NA,NA,"0"
"305","4000","2012_66","0.129373508825258",NA,"0.0699880129056736","0.00187571494069799","0.329527844529004","0.215037993706768","0.240913415484417",NA,"0","0","0.00470056742813511",NA,"0.00603314396713398",NA,"0",NA,NA,NA,NA,NA,NA,NA,NA,NA,NA,"0.00254979821291262","0",NA,NA,NA,NA,NA,NA,NA,NA,NA,NA,NA,NA,NA,NA,NA
"306","3500","2012_66","0.172337076024367",NA,"0.029881316599767","0.0105496896600122","0.272575333312871","0.26947922080393","0.224752437607917",NA,"0.0057253470212247","0.00091628269469704","0.00943074213865038",NA,"0.00435255413656386",NA,"0",NA,NA,NA,NA,NA,NA,NA,NA,NA,NA,"0","0",NA,NA,NA,NA,NA,NA,NA,NA,NA,NA,NA,NA,NA,NA,NA
"307","3000","2012_66","0.174025595356873",NA,"0.0139523580037529","0.0181936678762778","0.181042451785934","0.345232928908864","0.255428458797436",NA,"0.00343212828853596","0.00117664474131891","0.00525604484606589",NA,"0",NA,"0.00112986064434757",NA,NA,NA,NA,NA,NA,NA,NA,NA,NA,"0","0.00112986075059383",NA,NA,NA,NA,NA,NA,NA,NA,NA,NA,NA,NA,NA,NA,NA
"308","2500","2012_66","0.103374901980663",NA,"0.0397106555696796","0.0257611676608009","0.165755640807461","0.432086059636509","0.214181887039498",NA,"0.00886877712217834","0.000659258423899143","0.00683961870509355",NA,"0",NA,"0",NA,NA,NA,NA,NA,NA,NA,NA,NA,NA,"0","0.00276203305421765",NA,NA,NA,NA,NA,NA,NA,NA,NA,NA,NA,NA,NA,NA,NA
"309","2000","2012_66","0.0561789452641639",NA,"0.029567747490705","0.00879763677237848","0.15286245155291","0.532912408620385","0.196940972146476",NA,"0.00275659852384472","0.00270531408260589","0",NA,"0.0124360938782783",NA,"0",NA,NA,NA,NA,NA,NA,NA,NA,NA,NA,"0","0.00484183166825281",NA,NA,NA,NA,NA,NA,NA,NA,NA,NA,NA,NA,NA,NA,NA
"310","1500","2012_66","0.0189217621955869",NA,"0.0368695676501759","0.0199676678934037","0.100366985579347","0.598425073278186","0.204514851627762",NA,"0.000817701411293719","0","0.0129646146872758",NA,"0.00646796773149846",NA,"0",NA,NA,NA,NA,NA,NA,NA,NA,NA,NA,"0","0.000683807945471398",NA,NA,NA,NA,NA,NA,NA,NA,NA,NA,NA,NA,NA,NA,NA
"311","1000","2012_66","0",NA,"0.0177444991347534","0.0375022504773319","0.0124860892175805","0.555073753448111","0.322176576002495",NA,"0.00694578027454414","0.00415536961977272","0.0214704232440854",NA,"0.0099785382085412",NA,"0.00415558987699477",NA,NA,NA,NA,NA,NA,NA,NA,NA,NA,"0.00831113049578981","0",NA,NA,NA,NA,NA,NA,NA,NA,NA,NA,NA,NA,NA,NA,NA
"312","500","2012_66","0",NA,"0","0.0754499398380775","0","0.456838387742377","0.45985775133126",NA,"0","0","0.00785392108828607",NA,"0",NA,"0",NA,NA,NA,NA,NA,NA,NA,NA,NA,NA,"0","0",NA,NA,NA,NA,NA,NA,NA,NA,NA,NA,NA,NA,NA,NA,NA
