"","site_year","Year","CDD","CP","ringfinal","Spring.Wheat","Winter.Wheat","allwheat","Fallow","AllCereal","AllGrasslands","AllLegumes","LULCRich","LULCSimD","LULCeven","AphRich","AphSimD","AphAbund","Apheven","TotAph","Mfc","TotAphNoMfc","RelAbundMfc","month","JulianDate","TotDn","Totsg","TotRp","TotSa","TotMd","TotRm","TotMfc","TotSe","TotAm","TotRi","area","Spring.Wheat_area","Winter.Wheat_area","allwheat_area","Fallow_area","AllCereal_area","AllGrasslands_area","AllLegumes_area","Winter.Wheat_pct","Spring.Wheat_pct","allwheat_pct","AllCereal_pct","AllGrasslands_pct","AllLegumes_pct"
"1","2011_10",2011,631,351.4,4000,0.010640178,0.524447906,0.535088084,0.113149013,0.027617739,0.01179851,0.248004274,14,0.665433175,0.578204708,4,0.472301136,176,0.664060508,202,"present",178,11.88118812,"June",173,0,0,13,124,15,0,24,0,0,0,2008296.3267949,21368.6303938439,1053246.80321508,1074615.43360892,227236.747188368,55464.6037880802,23694.9042946529,498066.072503635,0.492734735744562,0.00358289135167848,0.496317629644745,0.0265325936583694,0.0102351028745097,0.0697564451395343
"2","2011_12",2011,638.2,485.1,4000,0.070520518,0.25563722,0.326157738,0.003622913,0.001790454,0.128736224,0.238035045,12,0.834219458,0.803093443,2,0.149937526,49,0.407612024,49,"present",45,8.163265306,"July",188,0,0,0,45,0,0,4,0,0,0,2008296.3267949,141626.097263073,513395.289918059,655021.387181132,7275.88287019748,3595.76219149523,258540.485784645,478044.906521958,0.264303848033931,0.0174695256653358,0.281773373699267,0.00141947729004238,0.0520250651591406,0.220847639851248
"3","2011_14",2011,543.45,360.2,4000,0.007867217,0.584427825,0.592295042,0.010710148,0.250819388,0.032510545,0,9,0.588776878,0.55845281,2,0.401234568,18,0.851790895,18,"present",13,27.77777778,"June",181,0,0,0,13,0,0,5,0,0,0,2008296.3267949,15799.7030031984,1173704.25422423,1189503.95722743,21509.1508878297,503719.655609344,65290.8081056002,0,0.453709862638432,0.00561900860418738,0.459328871242619,0.166791381204062,0.0209437807692892,0.00101102753061157
"4","2011_16",2011,627.3,306.8,4000,0,0.377882181,0.377882181,0.2514811,0.005943279,0.192422854,0,8,0.757422597,0.770951007,4,0.410204082,70,0.546481672,72,"present",59,18.05555556,"July",186,0,0,1,52,4,0,13,0,0,0,2008296.3267949,0,758899.396063544,758899.396063544,505048.56938834,11935.8653848172,386442.110879591,0,0.290306852519735,0.0297136150694061,0.320020467589141,0.0023671048006954,0.0934057763488853,0.000932598770616355
"5","2011_18",2011,547.8,473,4000,0.011007246,0.121716877,0.132724123,0.00882851,0.147721508,0.191927784,0.090816037,18,0.886269731,0.83169107,4,0.231552739,94,0.357172848,95,"present",91,4.210526316,"July",182,0,0,1,82,7,0,4,0,0,0,2008296.3267949,22105.8117099278,244443.556988046,266549.368697974,17730.264204072,296668.561905003,385447.863617084,182385.513521169,0.129206979844515,0.00470726497419267,0.133914244818707,0.0731118822616489,0.108659322542356,0.0976602795963532
"6","2011_19",2011,506.1,166.9,4000,0.04542097,0.262303937,0.307724907,0.661546051,0,0.02395829,0,6,0.49089319,0.498159316,3,0.278876171,31,0.475467969,49,"absent",49,0,"June",168,0,0,0,26,1,4,0,0,0,0,2008296.3267949,91218.7672104612,526784.03318094,618002.800391401,1328580.50422897,0,48115.3458032869,0,0.311316382718691,0.0615225622162329,0.372838944934924,0,0.0241518229084625,0.00141251303472465
"7","2011_2",2011,678.9,354.3,4000,0.302747942,0.454436642,0.757184584,0.01207598,0.013299189,0.047036025,0.155136278,12,0.681891519,0.573111694,3,0.467494522,111,0.706326253,129,"present",99,23.25581395,"July",186,0,0,0,75,6,0,30,0,0,0,2008296.3267949,608007.579863314,912643.438889607,1520651.01875292,24252.1462764486,26708.7124180511,94462.2762345329,311559.617260032,0.296268794634828,0.195643502904936,0.491912297539765,0.026513075462866,0.0351969809638023,0.0929139314250065
"8","2011_20",2011,677.6,126.1,4000,0.094233579,0.070856689,0.165090268,0.014640307,0.110136957,0.049926176,0.025566372,23,0.899731644,0.800662592,4,0.261240665,81,0.379624991,99,"present",90,9.090909091,"June",168,0,0,2,69,1,0,9,0,0,0,2008296.3267949,189248.950566437,142301.228247548,331550.178813985,29402.0747712496,221187.646187467,100266.555871716,51344.8509770719,0.0749197021953852,0.184396670247651,0.259316372443036,0.0459467325765438,0.0235213378297251,0.0289534086364184
"9","2011_21",2011,653.7,128,4000,0.006591076,0.078390271,0.084981347,0.024571371,0.025120296,0.015269089,0.17863237,23,0.834785966,0.712254614,4,0.196143742,292,0.314754551,337,"present",320,5.044510386,"June",168,0,0,3,261,11,0,17,0,0,0,2008296.3267949,13236.833720426,157430.893305757,170667.727026182,49346.5941236146,50448.9981848005,30664.8553522044,358746.732517667,0.224623955553442,0.0166915269368333,0.241315482490276,0.0100041144722243,0.00630054114117505,0.0934985807855565
"10","2011_22",2011,727.9,260.3,4000,0.001567892,0.469750465,0.471318357,0.35365158,0,0,0.032449892,7,0.639745493,0.621257315,4,0.413236212,155,0.578062111,180,"present",165,8.333333333,"June",173,0,0,4,116,20,0,15,0,0,0,2008296.3267949,3148.7917444111,943398.133369695,946546.925114106,710237.169079212,0,0,65168.9989084911,0.399231522405314,0.0030644711497833,0.402295993555097,0,0,0.0361808753191549
"11","2011_23",2011,657.95,487.8,4000,0.291096438,0.21061331,0.501709748,0.005989838,0.013067601,0.054159281,0.358647699,14,0.741380348,0.605894631,4,0.255095332,78,0.401940228,106,"present",101,4.716981132,"July",196,0,0,3,67,3,0,5,0,0,0,2008296.3267949,584607.907178478,422973.936847115,1007581.84402559,12029.3696534965,26243.6150883213,108767.885094153,720270.856515142,0.147108821666009,0.16077119414267,0.307880015808679,0.0352351126195029,0.0465580617705153,0.2408949125393
"12","2011_3",2011,476.05,168.1,4000,0.246381785,0.503110357,0.749492142,0.234378336,0,0,0,4,0.630982619,0.791440815,4,0.382342471,53,0.555565879,71,"present",65,8.450704225,"June",168,0,0,3,41,3,0,6,0,0,0,2008296.3267949,494807.63380467,1010394.68193557,1505202.31574024,470701.1512691,0,0,0,0.274729758186146,0.251796342147475,0.526526100333621,0,0.00237803606254242,0
"13","2011_36",2011,423.5,293.2,4000,0.071153081,0.269998504,0.341151585,0.041166582,0.180859662,0.309526655,0.006001744,12,0.803211351,0.752612896,3,0.168962351,33,0.329862582,41,"present",40,2.43902439,"June",168,0,0,2,30,0,0,1,0,0,0,2008296.3267949,142896.47121244,542237.003823317,685133.475035757,82674.6954173009,363219.794859967,621621.244281611,12053.2804295633,0.207106649017446,0.0625941486033138,0.26970079762076,0.117261757436054,0.176428873608208,0.00519659004892629
"14","2011_38",2011,576,447.7,4000,0.149398027,0.351423481,0.500821508,0.1878065,0.076372247,0.115462086,0.028211797,12,0.794631879,0.734596921,2,0.1171875,16,0.337046999,21,"present",20,4.761904762,"July",192,0,0,0,15,0,0,1,0,0,0,2008296.3267949,300035.508854505,705762.486041776,1005797.99489628,377171.104098206,153378.103119173,231882.083197876,56657.6482873833,0.304839250061813,0.0345608039674736,0.339400054029287,0.0502488358745777,0.0373694003386696,0.00883843043680935
"15","2011_39",2011,627.6,395.9,4000,0,0.352641087,0.352641087,0.183516861,0.027004689,0.066225729,0.013536168,11,0.754398932,0.678033775,4,0.555920526,158,0.675957043,165,"present",105,36.36363636,"June",172,0,0,3,86,9,0,60,0,0,0,2008296.3267949,0,708207.79969906,708207.79969906,368556.23785123,54233.4177249385,133000.888290014,27184.6364732786,0.33405915717278,0,0.33405915717278,0.00431575846683955,0.0242210959027307,0.00216328474120041
"16","2011_41",2011,493.25,160,4000,0.003005997,0.348041658,0.351047655,0.512951151,0.072487608,0,0.012023988,8,0.608796985,0.558071488,1,0,10,0,10,"absent",10,0,"June",160,0,0,0,10,0,0,0,0,0,0,2008296.3267949,6036.93273345648,698970.783333006,705007.716066462,1030157.91237851,145576.596884548,0,24147.7309338259,0.277534072706731,0.00334658123727362,0.280880653944004,0.0849434408694423,0.000935641961515843,0.00192161546523188
"17","2011_42",2011,506.15,208.7,4000,0.186832407,0.081929619,0.268762026,0.208650075,0.115149021,0,0,10,0.772883124,0.728131393,4,0.46366782,17,0.638485777,17,"present",14,17.64705882,"June",160,1,0,1,12,0,0,3,0,0,0,2008296.3267949,375214.836704349,164538.952893405,539753.789597754,419031.17920798,231253.355908328,0,0,0.102116015137917,0.150949461483386,0.253065476621303,0.109606121590506,0.00206522283201521,0.00172042085166206
"18","2011_43",2011,453.9,185.9,4000,0.100076225,0.103783436,0.203859661,0.302905034,0,0.412216857,0,6,0.712380048,0.795892181,1,0,17,0,22,"absent",22,0,"June",166,0,0,0,17,0,0,0,0,0,0,2008296.3267949,200982.715067,208427.893300953,409410.608367953,608323.067149883,0,827853.599756037,0,0.130675832528672,0.0335111491577082,0.16418698168638,0,0.256176371643917,0
"19","2011_44",2011,382.4,156.6,4000,0.000763267,0.139150778,0.139914045,0.485806236,0.002414412,0.018787534,0.002997203,11,0.687724375,0.611148796,4,0.541420118,26,0.702949175,30,"present",23,23.33333333,"June",161,0,0,2,16,1,0,7,0,0,0,2008296.3267949,1532.86631246376,279455.996328052,280988.862640516,975642.879292855,4848.85475096952,37730.9355217342,6019.27177555864,0.104540858302876,0.00568476321217322,0.11022562151505,0.0146898435075672,0.00553560366970789,0.00712741360072181
"20","2011_52",2011,382.4,156.6,4000,0,0.429976778,0.429976778,0.5176527,0.004088499,0,0,7,0.5460126,0.470302424,4,0.666179693,37,0.86529837,155,"present",142,8.387096774,"June",161,0,0,33,52,36,0,13,0,0,0,2008296.3267949,0,863520.783864505,863520.783864505,1039600.01596546,8210.91752380461,0,0,0.337699219184004,0.00466435226892897,0.342363571452933,0.00190248499237764,0,0.00250297622011921
"21","2011_56",2011,798.9,257.2,4000,0.003025822,0.433771148,0.43679697,0.455906834,0,0.0631897,0,6,0.598652926,0.598146073,4,0.472222222,72,0.633420832,181,"present",167,7.73480663,"June",172,0,0,2,50,6,0,14,0,0,0,2008296.3267949,6076.74720813519,871141.003198005,877217.750406141,915596.020082891,0,126903.642401271,0,0.330887884611732,0.000973132047424763,0.331861016659157,0,0.0241625029887219,0
"22","2011_57",2011,444.9,185.1,4000,0,0.306434785,0.306434785,0.064646032,0,0,0,4,0.507196693,0.603136165,4,0.58382643,39,0.776513657,41,"present",18,56.09756098,"June",161,0,0,8,6,2,0,23,0,0,0,2008296.3267949,0,615411.853117684,615411.853117684,129828.388607465,0,0,0,0.250263271411833,0,0.250263271411833,0,0,0.00672957501801349
"23","2011_58",2011,513.7,211.8,4000,0,0.341849379,0.341849379,0.522337397,0.000205978,0.021975312,0.00767387,9,0.604970789,0.532542513,5,0.624426079,33,0.749106065,33,"present",15,54.54545455,"June",160,1,0,8,4,2,0,18,0,0,0,2008296.3267949,0,686534.852162816,686534.852162816,1049008.27574271,413.664860800559,44132.9383697718,15411.4049333016,0.304112648610173,0,0.304112648610173,0.00138913176546425,0.0066011075858389,0.00307039824443842
"24","2011_59",2011,722.5,118.1,4000,0,0.407788692,0.407788692,0.271993587,0,0.221034822,0,5,0.70253706,0.814589935,5,0.328168283,152,0.415599542,234,"present",232,0.854700855,"June",173,18,0,0,123,8,0,2,0,1,0,2008296.3267949,0,818960.532252095,818960.532252095,546243.721683868,0,443903.421116364,0,0.480295682079837,0,0.480295682079837,0,0.094944918931927,0
"25","2011_60",2011,422.55,180.7,4000,0,0.766812176,0.766812176,0.047345087,0,0.016823915,0.158186358,6,0.384392144,0.426854425,3,0.611111111,6,0.920340639,6,"present",4,33.33333333,"June",166,0,0,0,3,1,0,2,0,0,0,2008296.3267949,0,1539986.0764024,1539986.0764024,95082.9643138848,0,33787.4066968096,317685.081720462,0.584200575088457,0,0.584200575088457,0,0.00864303893160875,0.0878899004555746
"26","2011_62",2011,512.75,403.1,4000,0.465201264,0.27345076,0.738652024,0,0.018336186,0.06602507,0.158253,8,0.684045106,0.671711271,4,0.433884298,22,0.593245202,24,"present",23,4.166666667,"June",181,0,0,1,16,4,0,1,0,0,0,2008296.3267949,934261.989711543,549170.156867273,1483432.14657882,0,36824.494991228,132597.905557376,317818.918604273,0.295524652698247,0.173108347089344,0.468632999787591,0.00386746535664834,0.0315381299937731,0.179961994175629
"27","2011_63",2011,543.25,209.3,4000,0,0.241570958,0.241570958,0.317960827,0,0.095956706,0,8,0.775668376,0.771871909,5,0.512471655,21,0.634363058,21,"absent",21,0,"June",167,0,1,0,14,1,0,0,4,0,1,2008296.3267949,0,485146.067611724,485146.067611724,638559.560928768,0,192709.500191138,0,0.20083896787366,0,0.20083896787366,0,0.0381230220044328,0
"28","2011_65",2011,611.35,443.6,4000,0.021694373,0.438330257,0.46002463,0.086344447,0.129947369,0.091729535,0.095863396,14,0.766396801,0.716938858,2,0.18,20,0.468657613,28,"present",26,7.142857143,"July",192,0,0,0,18,0,0,2,0,0,0,2008296.3267949,43568.7296080184,880297.045056163,923865.774664181,173405.235749237,260972.823839361,184220.088199104,192522.106060885,0.224236899546587,0.0546583060381758,0.278895205584763,0.148697627814728,0.029143498696682,0.0282501897661079
"29","2011_66",2011,615.35,105,4000,0.123510517,0.004464088,0.127974605,0,0,0.002989132,0.280547943,17,0.862914325,0.762064883,2,0.231111111,15,0.566101253,20,"absent",20,0,"June",167,0,0,2,13,0,0,0,0,0,0,2008296.3267949,248045.717611639,8965.21153288918,257010.929144528,0,0,6003.06281590508,563423.403416764,0.012942325483069,0.0591291150036708,0.0720714404867398,0.000468308137040134,0.00144558650629853,0.252387281844065
"30","2011_68",2011,613,442.9,4000,0.044562479,0.110719103,0.155281582,0.060289956,0.124492379,0.245324255,0.200489471,15,0.853610236,0.782629197,4,0.594517958,46,0.762077927,46,"present",36,21.73913043,"July",192,0,0,1,26,9,0,10,0,0,0,2008296.3267949,89494.6628885747,222356.767860926,311851.430749501,121080.097177426,250017.587459658,492683.800190195,402642.268170352,0.147506079125632,0.0743473557534448,0.221853434879077,0.0418616404786589,0.148526229488436,0.155197028702732
"31","2011_7",2011,811.2,256.6,4000,0.010627447,0.508352291,0.518979738,0.00287913,0,0.419851998,0,6,0.562927696,0.540991402,5,0.382340691,49,0.503872989,49,"present",47,4.081632653,"June",173,0,0,1,38,5,0,2,3,0,0,2008296.3267949,21343.0627733074,1020922.03873307,1042265.10150638,5782.14620336499,0,843187.225380898,0,0.340268593723833,0.0149316741597705,0.355200267883604,0,0.310429117617596,0
"32","2011_70",2011,588.85,423,4000,0.112400447,0.339838946,0.452239393,0.114873511,0.014269989,0.203515766,0.199511823,11,0.802665078,0.775646685,3,0.587809917,88,0.874590293,88,"present",78,11.36363636,"July",186,0,0,0,44,34,0,10,0,0,0,2008296.3267949,225733.404840204,682497.306953649,908230.711793854,230700.050187333,28658.3664921036,408719.96530265,400678.861283054,0.242735009647278,0.244088811356609,0.486823821003887,0.00274472478141813,0.0885568599850354,0.0482620781376371
"33","2011_72",2011,825.3,412.6,4000,0.022698722,0.143231572,0.165930294,0.005907657,0.019907307,0.433069061,0.301882847,15,0.713202446,0.586857169,3,0.411428571,35,0.667660223,41,"present",38,7.317073171,"July",188,0,0,0,26,6,0,3,0,0,0,2008296.3267949,45585.7600155385,287651.439928659,333237.199944197,11864.3258530642,39979.7715244783,869731.004454815,606270.212752486,0.305040167857689,0.0131669947160917,0.318207162573781,0.00652119681339412,0.202971824221957,0.147783603839648
"34","2011_9",2011,673.65,422.4,4000,0.278976954,0.397723686,0.67670064,0.002841707,0.007248155,0.030756459,0.273023066,10,0.71903333,0.636069725,4,0.273779369,214,0.411687315,214,"present",205,4.205607477,"July",195,0,0,4,181,20,0,9,0,0,0,2008296.3267949,560268.391978629,798747.017673127,1359015.40965176,5706.98972992735,14556.4430625401,61768.0836349178,548311.220578081,0.22468544189246,0.231222270786395,0.455907712678854,0.0061097346742848,0.019408169080608,0.201913434808925
"35","2012_10",2012,459,207.3,4000,0.000851549,0.471793067,0.472644616,0,0.000650487,0.038003095,0.09935249,16,0.705226816,0.572943321,2,0.5,6,0.999279352,6,"present",3,50,"May",131,0,0,0,3,0,0,3,0,0,0,2008296.3267949,1710.16272878587,947500.283463399,949210.446192184,0,1306.37065272783,76321.4760953375,199529.240724927,0.32902545712045,0.00391405441313415,0.332939511533584,0.000675321888693213,0.0311349756982197,0.0730609988901441
"36","2012_11",2012,565.05,423.7,4000,0.142386039,0.239737552,0.382123591,0,0.361532127,0.029960047,0.209691524,8,0.747130107,0.72222782,3,0.517733564,68,0.775639756,74,"present",53,28.37837838,"June",174,0,0,0,42,5,0,21,0,0,0,2008296.3267949,285953.359110575,481464.045076401,767417.404186975,0,726063.642672446,60168.6523407025,421122.717409224,0.182377989733028,0.165801249430506,0.348179239163534,0.156950801849102,0.0177894206907208,0.154096927067899
"37","2012_13",2012,352.15,254.4,4000,0.002582168,0.568714364,0.571296532,0.070629589,0.011433938,0.047842772,0.228696177,13,0.629608878,0.549759276,3,0.625,4,0.946107617,5,"present",3,40,"May",132,0,0,1,0,1,0,2,0,0,0,2008296.3267949,5185.75850956732,1142146.9682167,1147332.72672626,141845.144151733,22962.7356862006,96082.4632712857,459289.692221135,0.236100410010193,0.000954712994865886,0.237055123005059,0.00395674093214989,0.0204876095996082,0.356177764006409
"38","2012_14",2012,638.95,465,4000,0.135548889,0.203774798,0.339323687,0,0.025766977,0.204403807,0.189069955,16,0.838644143,0.728551179,4,0.36065051,112,0.468192872,115,"present",94,18.26086957,"June",177,0,0,1,87,3,0,21,0,0,0,2008296.3267949,272222.335879829,409240.178316772,681462.514196601,0,51747.7252617086,410503.414780993,379708.496133776,0.213411715079569,0.130449482394134,0.343861197473703,0.0137180080289426,0.104594641190996,0.154388771265737
"39","2012_15",2012,608.95,433.5,4000,0.186750375,0.526258392,0.713008767,0,0.143306793,0.031003379,0.062289131,12,0.667361839,0.591872307,3,0.447066327,56,0.634159737,58,"present",41,29.31034483,"June",177,0,0,0,38,1,0,17,0,0,0,2008296.3267949,375050.092140069,1056882.79559859,1431932.88773866,0,287802.505986657,62263.97216393,125095.032986546,0.357865641126676,0.13488760244791,0.492753243574585,0.038226233333896,0.0238138962208901,0.0971989960112841
"40","2012_16",2012,481.95,226,4000,0.001471841,0.156733888,0.158205729,0.431121176,0,0.263313927,0,7,0.706581471,0.710253742,3,0.227880658,108,0.381309296,115,"present",21,81.73913043,"May",152,1,0,0,0,13,0,94,0,0,0,2008296.3267949,2955.89287392613,314768.091554683,317723.984428609,865819.074164296,0,528812.39238804,0,0.145960892144979,0.00117332749771037,0.14713421964269,0.000267229803932153,0.217766182050615,0.000134576589520834
"41","2012_17",2012,503.1,314.4,4000,0.361816732,0.282764107,0.644580839,0.047648477,0.002520511,0.239111153,0,10,0.72837201,0.648552067,3,0.40625,16,0.669388878,20,"present",18,10,"June",158,0,0,0,12,2,0,2,0,0,0,2008296.3267949,726635.213848533,567874.117437539,1294509.33128607,95692.2613364711,5061.93298294613,480206.050265592,0,0.248522737367655,0.194160009296326,0.442682746585856,0.00219136780602838,0.135300753298911,0.0028506328798163
"42","2012_18",2012,350.65,151,4000,0,0.382970167,0.382970167,0.50509318,0,0.004158932,0,6,0.587765349,0.558245158,2,0.197530864,18,0.502895663,18,"present",16,11.11111111,"May",137,0,0,0,16,0,0,2,0,0,0,2008296.3267949,0,769117.579658128,769117.579658128,1014376.77808315,0,8352.36785898975,0,0.33941167151252,0.000264085597955361,0.339675757110476,0,0.00633016782120119,0
"43","2012_19",2012,483.3,108.1,4000,0.001374263,0.253155099,0.254529362,0.161405143,0.08790592,0.050040955,0.038228355,18,0.846266505,0.71140998,3,0.611111111,6,0.920340639,7,"present",6,14.28571429,"May",137,0,0,2,3,0,0,1,0,0,0,2008296.3267949,2759.92733495013,508410.455431098,511170.382766048,324149.355812705,176541.136239526,100497.066115809,76773.8649259113,0.261488648580803,0.00278250029209971,0.264271148872903,0.0218606001072049,0.0278941469954079,0.031428674255594
"44","2012_2",2012,441.4,158.4,4000,0.217333525,0.207528074,0.424861599,0.491009332,0.017062509,0,0,5,0.663819021,0.781533165,2,0.489795918,7,0.984518134,7,"present",3,57.14285714,"May",151,0,0,0,3,0,0,4,0,0,0,2008296.3267949,436470.119946887,416777.868721019,853247.988667906,986092.237877616,34266.5741506049,0,0,0.160726364415378,0.197932521438625,0.358658885854003,0.0384738948281021,0.00701851189509643,0
"45","2012_20",2012,370.65,224.3,4000,0.0088725,0.309815055,0.318687555,0.656261607,0,0.002441092,0.010029622,8,0.473052414,0.387539074,1,0,1,0,1,"present",0,100,"May",132,0,0,0,0,0,0,1,0,0,0,2008296.3267949,17818.6091594877,622200.436942259,640019.046101747,1317967.77475462,0,4902.43609696841,20142.4530217413,0.339025847942849,0.00329288067142738,0.342318726241917,0,0.000548200131569128,0.00272369900147609
"46","2012_21",2012,595.8,182.9,4000,0,0,0,0.808541952,0,0,0,3,0.310825824,0.459336463,4,0.640136719,64,0.825211929,73,"present",66,9.589041096,"June",167,25,0,0,28,4,0,7,0,0,0,2008296.3267949,0,0,0,1623791.83226118,0,0,0,0.00029420484760179,0,0.00029420484760179,0,0.000135792666592818,0
"47","2012_22",2012,442.65,266.3,4000,0.508867253,0.381405067,0.89027232,0,0,0.080210069,0.001716345,6,0.588674159,0.580563614,5,0.623318079,121,0.730108269,123,"present",92,25.20325203,"June",166,65,0,2,17,6,0,31,0,0,0,2008296.3267949,1021956.23502611,765974.395077061,1787930.63010317,0,0,161085.586944665,3446.92935901279,0.276943022680032,0.3007898151109,0.577732837790933,0.000268574914321693,0.0974682352034155,0.00103231726925387
"48","2012_23",2012,589.05,485.3,4000,0.508867253,0.381405067,0.89027232,0,0,0.080210069,0.001716345,6,0.588674159,0.580563614,3,0.629444444,60,0.949972156,61,"present",43,29.50819672,"June",179,0,0,0,29,13,0,18,0,0,0,2008296.3267949,1021956.23502611,765974.395077061,1787930.63010317,0,0,161085.586944665,3446.92935901279,0.276943022680032,0.3007898151109,0.577732837790933,0.000268574914321693,0.0974682352034155,0.00103231726925387
"49","2012_29",2012,446.55,355.7,4000,0.160002981,0.239905252,0.399908233,0.374467012,0.19018726,0.012073869,0.010523637,9,0.740093759,0.676246567,2,0.42,10,0.880655799,11,"present",8,27.27272727,"June",159,0,0,0,7,0,0,3,0,0,0,2008296.3267949,321333.399018534,481800.836370404,803134.235388938,752040.72470546,381952.375661186,24247.9067629028,21134.5815316229,0.213590542523333,0.156043502998809,0.369634045522141,0.0701732985573751,0.0243741884398589,0.00791621452517242
"50","2012_30",2012,489.4,413.7,4000,0.141735679,0.324528577,0.466264256,0.245155498,0.122738843,0.070856944,0.009475946,13,0.795674818,0.71345907,3,0.303571429,28,0.508285343,32,"present",9,71.875,"June",171,0,0,0,4,1,0,23,0,0,0,2008296.3267949,284647.243511481,651749.549129075,936396.792640555,492344.886126974,246495.967551955,142301.740363112,19030.5075447068,0.231773009325194,0.175687741593269,0.407460750918464,0.115194188762485,0.0295706095948253,0.0109766542255697
"51","2012_31",2012,358.1,295,4000,0,0.322212589,0.322212589,0.21671097,0.001721855,0.058524209,0.017796858,14,0.748059462,0.588447253,1,0,2,0,2,"present",0,100,"May",131,0,0,0,0,0,0,2,0,0,0,2008296.3267949,0,647098.358935774,647098.358935774,435219.845027159,3457.99507177343,117533.953963277,35741.3645498904,0.318087504121858,0,0.318087504121858,0.00069251492117252,0.0131403290712535,0.00375102111469534
"52","2012_32",2012,472.6,251.8,4000,0.669297076,0.133203922,0.802500998,0,0,0.160144521,0,5,0.507615905,0.602185493,6,0.430488889,150,0.50047058,162,"present",145,10.49382716,"June",166,111,0,1,11,9,0,17,1,0,0,2008296.3267949,1344146.85926536,267512.947267274,1611659.80653264,0,0,321617.653280628,0,0.13047127812633,0.39671804808926,0.52718932621559,0.000406209844100141,0.120887656265025,0.00109512442503232
"53","2012_33",2012,449.95,152.4,4000,0.001710045,0.445739484,0.447449529,0.434863896,0.002591288,0.00809261,0.001178989,9,0.603169991,0.489628708,1,0,2,0,4,"present",2,50,"May",144,0,0,0,0,0,0,2,0,0,0,2008296.3267949,3434.27709215398,895176.968424653,898611.245516806,873335.564992518,5204.07417206769,16252.3589371836,2367.75927803159,0.288472086268488,0.000681755546744801,0.289153841815232,0.000414127084597039,0.00205561897931033,0.000944136426991239
"54","2012_34",2012,442.05,209.7,4000,0.000870339,0.318311216,0.319181555,0.128188789,0.096741238,0.004261077,0.005221518,19,0.763805814,0.601835355,1,0,1,0,1,"present",0,100,"May",142,0,0,0,0,0,0,1,0,0,0,2008296.3267949,1747.89861676634,639263.245870417,641011.144487183,257441.074084986,194285.072924991,8557.50528729022,10486.3554196934,0.395790115031647,0.00181899666363817,0.397609111695285,0.0256771892628742,0.00303206834394294,0.00247447366677747
"55","2012_35",2012,475.7,166.5,4000,0,0.3171952,0.3171952,0.218962018,0,0.278740097,0,6,0.743577466,0.789765126,3,0.611111111,6,0.920340639,13,"present",10,23.07692308,"June",157,0,0,0,2,1,0,3,0,0,0,2008296.3267949,0,637021.955036973,637021.955036973,439740.616456998,0,559792.712935553,0,0.190027345780285,0.00165339511487356,0.191680740895159,0,0.221359541244614,0
"56","2012_36",2012,357.2,152,4000,0,0.496473615,0.496473615,0.144990337,0,0.001485194,0.006430831,9,0.675852266,0.631004464,1,0,1,0,1,"present",0,100,"May",143,0,0,0,0,0,0,1,0,0,0,2008296.3267949,0,997066.137355084,997066.137355084,291183.561217854,0,2982.70965477782,12915.0142755387,0.334551343981775,0.000705910912437344,0.335257254894212,0.00794198319767035,0.00204665734550581,0.00425128295852842
"57","2012_48",2012,605.6,291.7,4000,0,0.551753065,0.551753065,0.346737299,0,0.002643262,0.08809712,7,0.567639227,0.505352685,4,0.611607143,56,0.773507321,61,"present",47,22.95081967,"June",157,0,0,1,30,11,0,14,0,0,0,2008296.3267949,0,1108083.65373733,1108083.65373733,696351.243944484,0,5308.45336535653,176925.122497209,0.354926019016186,0.00309183192543296,0.358017850941619,0.000135215357030597,0.000923432038117776,0.0308726321202412
"58","2012_52",2012,462.55,399.1,4000,0.093811892,0.380186366,0.473998258,0,0.053167298,0.04854827,0.400335024,13,0.723127623,0.613198659,2,0.308390023,21,0.701960321,28,"present",11,60.71428571,"June",156,0,0,0,0,4,0,17,0,0,0,2008296.3267949,188402.07811328,763526.8823353,951928.96044858,0,106775.68927901,97499.3123132469,803991.358186547,0.288950453275381,0.190908428381275,0.479858881656656,0.0330563197964193,0.0283391763051982,0.132676868693086
"59","2012_53",2012,463.55,212.6,4000,0.042164716,0.413278414,0.45544313,0.451168923,0,0.051094748,0,6,0.620157309,0.651656554,5,0.633069554,49,0.762849907,61,"present",35,42.62295082,"May",131,2,0,4,13,4,0,26,0,0,0,2008296.3267949,84679.24426315,829985.520779821,914664.765042971,906080.89082491,0,102613.394726911,0,0.276187060887158,0.0363933044769555,0.312580365364114,0,0.0204180200052371,0
"60","2012_54",2012,290.6,180.2,4000,0,0.087520895,0.087520895,0,0.000872054,0,0.000872049,5,0.167401402,0.203613758,1,0,1,0,1,"present",0,100,"May",142,0,0,0,0,0,0,1,0,0,0,2008296.3267949,0,175767.891946302,175767.891946302,0,1751.3428449668,0,1751.33280348516,0.135289239498128,0.000136701637018221,0.135425941135146,0.000415597318227834,0.000960138266552801,0.000414216100406411
"61","2012_55",2012,466.5,200.1,4000,0,0.45322349,0.45322349,0.40893351,0,0.014762326,0,5,0.613366423,0.663466276,2,0.444444444,3,0.917634066,4,"present",3,25,"May",142,0,0,0,2,0,0,1,0,0,0,2008296.3267949,0,910207.070184164,910207.070184164,821259.666036344,0,29647.1250807488,0,0.313175320510318,0,0.313175320510318,0.000139807837556116,0.00571813406390789,0.000672358906498863
"62","2012_56",2012,573.85,93.4,4000,0.116409561,0.399193115,0.515602676,0.133335561,0,0.262336608,0,7,0.735625997,0.776125936,5,0.680555556,24,0.805012774,27,"present",26,3.703703704,"May",144,11,0,6,5,1,0,1,0,0,0,2008296.3267949,233784.893760106,801698.066536313,1035482.96029642,267777.317387437,0,526849.646230233,0,0.275884189797946,0.0826021311827395,0.358486320980685,0,0.185070340696729,0
"63","2012_57",2012,445.95,193.2,4000,0.128297577,0.209605971,0.337903548,0.540541785,0.004112558,0.037898821,0,9,0.641090187,0.594440625,3,0.59375,8,0.886590549,11,"present",8,27.27272727,"June",157,0,0,0,4,1,0,3,0,0,0,2008296.3267949,257659.552625785,420950.901633578,678610.454259363,1085568.08129466,8259.23512513096,76112.0630041573,0,0.23741778814138,0.182466979604124,0.419884767745504,0.00132537759505533,0.00899600000460709,0.000130800030730239
"64","2012_58",2012,456.55,412.9,4000,0.304165354,0.235476851,0.539642205,0.002540594,0.008612268,0.074429507,0.352777814,12,0.741665665,0.61621545,2,0.46875,32,0.953746192,33,"present",13,60.60606061,"June",163,0,0,0,12,0,0,20,0,0,0,2008296.3267949,610854.163176469,472907.294908529,1083761.458085,5102.26559807715,17295.9861897732,149476.505513255,708482.388030933,0.181128997986293,0.145783517006538,0.326912514992831,0.00703350683277525,0.0382394738083654,0.309555884339532
"65","2012_59",2012,504.8,178.5,4000,0,0.474633893,0.474633893,0.399855596,0.000266339,0.030762979,0.000827588,8,0.610032826,0.549792524,4,0.410714286,28,0.577882798,36,"present",32,11.11111111,"June",157,0,1,0,21,0,0,4,2,0,0,2008296.3267949,0,953205.503884262,953205.503884262,803028.524695184,534.887635382226,61781.1777269685,1662.04194049953,0.305581372393897,0.000657841396400208,0.306239213790297,0.000130362904885522,0.00780047553259206,0.000261724148232284
"66","2012_60",2012,488.25,383.9,4000,0.282675084,0.264079452,0.546754536,0.130076178,0.088166911,0.069309189,0.040436115,13,0.812615566,0.748598858,4,0.49692426,102,0.613939049,148,"present",82,44.59459459,"June",171,0,0,1,29,6,0,66,0,0,0,2008296.3267949,567695.332873639,530349.793433609,1098045.12630725,261231.510480919,177065.283506153,139193.389681833,81207.701224356,0.159904847907198,0.233716514850803,0.393621362758001,0.0560355235065324,0.0229493300380428,0.0200265882941467
"67","2012_61",2012,448.5,80.2,4000,0,0,0,0.000843983,0.006020164,0.013978244,0.545460491,18,0.811477378,0.68046847,0,1,0,0,0,"absent",0,0,"May",137,0,0,0,0,0,0,0,0,0,0,2008296.3267949,0,0,0,1694.96795877734,12090.2732479029,28072.4560802428,1095446.30048704,0.00347521201053579,0.106105996776454,0.109581208900634,0.00478188694174483,0.00871341037372548,0.207323701404709
"68","2012_63",2012,582.5,431.9,4000,0.064632316,0.429145164,0.49377748,0.015519544,0.013401286,0.084380269,0.087023058,16,0.769347064,0.688794175,3,0.561854371,63,0.85903235,69,"present",32,53.62318841,"June",171,0,0,0,9,17,0,37,0,0,0,2008296.3267949,129800.842815047,861850.656522993,991651.49933804,31167.8432087318,26913.7534481279,169460.584286665,174768.087727859,0.29912338016664,0.130715211574771,0.42983859174141,0.0141306826226343,0.0283697219942579,0.114072376045744
"69","2012_64",2012,495.55,416.4,4000,0.146517546,0.536826582,0.683344128,0,0.10311329,0.031601811,0.145073683,9,0.661205758,0.654881846,4,0.402380607,83,0.529832786,87,"present",25,71.26436782,"June",165,0,0,1,16,4,0,62,0,0,0,2008296.3267949,294250.649442802,1078106.85275646,1372357.50219926,0,207082.041550737,63465.8009513666,291350.944683507,0.380629157219299,0.123490484906652,0.504119642125951,0.0408678835850865,0.0365809261889386,0.0844074598786913
"70","2012_65",2012,647.3,528.1,4000,0.003389445,0.493476727,0.496866172,0,0.056813862,0.054741435,0.353408305,15,0.664973258,0.539928199,4,0.645402893,88,0.835100517,92,"present",67,27.17391304,"June",177,0,0,4,43,16,0,25,0,0,0,2008296.3267949,6807.00994337333,991047.498192868,997854.508136241,0,114099.070365632,109937.022833982,709748.60079031,0.300978001947481,0.00322203024862372,0.304200032196104,0.0781091055617236,0.0476434155279791,0.235285272074667
"71","2012_66",2012,597.75,367.6,4000,0.129373509,0.215037994,0.344411503,0,0.329527845,0.069988013,0.248163781,9,0.765426446,0.71583936,3,0.227346939,70,0.389929997,76,"present",15,80.26315789,"June",156,0,0,1,0,8,0,61,0,0,0,2008296.3267949,259820.342909266,431860.013471543,691680.356380809,0,661789.560690138,140556.669427573,498386.409825833,0.257693113386249,0.0808679203158564,0.338561033702105,0.149726224670591,0.0259194699677807,0.173202652302867
"72","2012_8",2012,557.35,356.7,4000,0.048244614,0.382869317,0.431113931,0.111338126,0.082886548,0.210390214,0.126602826,13,0.771438458,0.67226565,3,0.610059492,43,0.910175134,55,"present",37,32.72727273,"June",159,0,0,0,19,6,0,18,0,0,0,2008296.3267949,96889.4810838376,768915.042973571,865804.524057408,223599.949478027,166460.749889109,422525.893969792,254255.990417653,0.30510757909742,0.0230576213540038,0.328165200451423,0.103099718860889,0.0684927048085227,0.154026761043475
"73","2012_9",2012,475.95,129.1,4000,0,0.308833321,0.308833321,0.453591256,0,0.192151136,0,5,0.660550647,0.746467965,2,0.391111111,30,0.836037819,31,"present",23,25.80645161,"May",137,0,0,0,22,0,0,8,0,0,0,2008296.3267949,0,620228.824156169,620228.824156169,910945.653291084,0,385896.420618267,0,0.369214657842522,0,0.369214657842522,0,0.0706100181521257,0
"74","2013_1",2013,620.8,164.6,4000,0.185201778,0.384007404,0.569209182,0.107631595,0.111433078,0.011085441,0.171920481,15,0.771766115,0.648615622,4,0.584179748,57,0.718082325,64,"present",42,34.375,"June",162,0,0,1,29,5,0,22,0,0,0,2008296.3267949,371940.050473284,771200.658915244,1143140.70938853,216156.136885576,223790.641230849,22262.8504412015,345267.270493112,0.24617699396434,0.188233101223229,0.434410095187569,0.0773769800538903,0.0124232214089429,0.105094563338421
"75","2013_11",2013,661.05,163,4000,0.162743048,0.321203932,0.48394698,0.190304237,0.082943508,0.172487814,0.039168616,12,0.79575502,0.710079742,4,0.537587885,43,0.698926305,49,"present",39,20.40816327,"June",162,1,0,0,27,5,0,10,0,0,0,2008296.3267949,326836.265509806,645072.676787678,971908.942297483,382187.300140605,166575.142447883,346406.643273081,78662.1876384398,0.255660264535341,0.0344629942566611,0.290123258792002,0.140309398313232,0.0345087841826498,0.0364183993612841
"76","2013_12",2013,532.65,57.9,4000,0.002725778,0.307046163,0.309771941,0.461242808,0,0.002296856,0,6,0.650836345,0.647190175,3,0.571428571,21,0.846538593,21,"present",13,38.0952381,"May",135,0,0,0,11,2,0,8,0,0,0,2008296.3267949,5474.16994505834,616639.681309367,622113.851254425,926312.237066964,0,4612.76746797682,0,0.332497414564419,0.00135414587586811,0.333851560440288,0,0.000367072389876855,0
"77","2013_13",2013,575.7,92.3,4000,0,0.550654324,0.550654324,0,0,0,0,3,0.50184786,0.662254933,4,0.607438017,22,0.773809285,28,"present",20,28.57142857,"May",134,0,0,0,11,2,0,8,1,0,0,2008296.3267949,0,1105877.05622293,1105877.05622293,0,0,0,0,0.437884178753348,0.000142127574158029,0.438026306327506,0,0,0
"78","2013_14",2013,546.25,199.9,4000,0.028600615,0.215371144,0.243971759,0.00169019,0.017554886,0.005018252,0.712048884,11,0.701539541,0.624355213,4,0.565376187,37,0.712529239,42,"present",21,50,"June",164,0,0,1,12,3,0,21,0,0,0,2008296.3267949,57438.510048575,432529.077392815,489967.58744139,3394.40236858547,35255.4130711032,10078.1370585311,1430005.15823561,0.161414126548346,0.0692793267204877,0.230693453268833,0.00980481321695253,0.00647155741310493,0.435350854072581
"79","2013_15",2013,455.85,140.1,4000,0.005363375,0.543502587,0.548865962,0.043956297,0.033462896,0.011918234,0.312709281,14,0.612388702,0.49819653,4,0.591311034,51,0.732828611,64,"present",38,40.625,"May",134,0,0,1,19,5,0,26,0,0,0,2008296.3267949,10771.2463117236,1091514.24907562,1102285.49538735,88277.2698046055,67203.4111207196,23935.345564082,628012.900386973,0.448381562495389,0.00311982004357008,0.451501382538959,0.013819099553978,0.00908273020138579,0.161888020856149
"80","2013_16",2013,545.15,223.3,4000,0.070105907,0.196658953,0.26676486,0,0.169292975,0.074958384,0.173627833,13,0.859616014,0.812703164,4,0.484375,16,0.662110759,17,"present",6,64.70588235,"June",162,0,0,1,3,1,0,11,0,0,0,2008296.3267949,140793.435514725,394949.45294123,535742.888455955,0,339990.45984468,150538.647249681,348696.139243258,0.215840052929774,0.0485724780673513,0.264412530997126,0.106905982942029,0.0260316707851241,0.182549161027194
"81","2013_17",2013,547.3,196,4000,0.399504014,0.297481357,0.696985371,0,0.218595471,0.024967157,0.000140344,10,0.704069101,0.61095717,3,0.568047337,13,0.828992416,13,"present",7,46.15384615,"June",161,0,0,0,6,1,0,6,0,0,0,2008296.3267949,802322.443856017,597430.716553061,1399753.16040908,0,439004.4814633,50141.4496936115,281.852339687703,0.297631219684301,0.165492635795961,0.463123855480262,0.179177757079433,0.0157790863616454,0.00380836547422804
"82","2013_2",2013,550.35,98.4,4000,0.229745669,0.488862559,0.718608228,0.230716012,0,0,0,4,0.652432415,0.849062942,4,0.561817777,67,0.684699077,72,"present",45,37.5,"June",155,0,0,0,35,2,0,27,3,0,0,2008296.3267949,461397.383149736,981780.881547253,1443178.26469699,463346.119432367,0,0,0,0.272039704981027,0.233831093316957,0.505870798297984,0.00206257512675782,0.00178565224008005,0
"83","2013_22",2013,489.05,104.2,4000,0.000861584,0.691003216,0.6918648,0.291597472,0.002033675,0.00053146,0.006219576,8,0.43739021,0.340868158,2,0.408163265,7,0.862498563,7,"present",2,71.42857143,"May",134,0,0,0,2,0,0,5,0,0,0,2008296.3267949,1730.31598242525,1387739.22049626,1389469.53647869,585614.131920278,4084.22203239461,1067.32916583842,12490.7516350217,0.365500887906384,0.00123802038979246,0.366738908296177,0.00114395608516099,0.000355746095405046,0.00211913287617268
"84","2013_23",2013,489.4,89.3,4000,0.00086433,0.79701732,0.79788165,0.005563309,0,0,0,5,0.328258894,0.348663279,4,0.557823129,21,0.746962027,21,"present",17,19.04761905,"May",151,13,0,0,3,1,0,4,0,0,0,2008296.3267949,1735.83076413863,1600646.95614791,1602382.78691205,11172.773029525,0,0,0,0.586182915260735,0.000138133029995029,0.58632104829073,0,0,0
"85","2013_24",2013,368.55,96.1,4000,0.788143074,0.109480663,0.897623737,0,0,0,0,4,0.357370015,0.493046094,5,0.6875,24,0.807067442,28,"present",19,32.14285714,"May",143,1,0,1,9,4,0,9,0,0,0,2008296.3267949,1582824.84050304,219869.61335797,1802694.45386101,0,0,0,0,0.0787775123207166,0.507580407673625,0.586357919994342,0,0.000176160724510415,0.000337109232617113
"86","2013_25",2013,511.15,231.2,4000,0.288592519,0.289023582,0.577616101,0,0.058165758,0.013448125,0.283083068,15,0.784744357,0.664897916,3,0.606420927,29,0.916509117,32,"present",17,46.875,"June",164,0,0,0,9,5,0,15,0,0,0,2008296.3267949,579579.295848186,580444.998087704,1160024.29393589,0,116814.078136641,27007.8200397786,568514.68564223,0.152732516834789,0.187619740042287,0.340352256877076,0.0434628771627476,0.00977876141393396,0.239437472181717
"87","2013_31",2013,612.8,152.1,4000,0.18593687,0.14768213,0.333619,0.210921331,0.016866625,0.321102743,0.039792577,13,0.790233475,0.682642708,4,0.60208239,47,0.748327412,49,"present",26,46.93877551,"June",161,0,0,1,18,5,0,23,0,0,0,2008296.3267949,373416.33303674,296589.479212246,670005.812248987,423592.53428999,33873.181032927,644869.459290666,79915.2862228031,0.162163652159217,0.0816933568253752,0.243857008984592,0.00792520947846392,0.133597382026388,0.0096751978982031
"88","2013_32",2013,393.8,204.9,4000,0.105211971,0.320910098,0.426122069,0.256192283,0.115671325,0.085426395,0.016983884,13,0.796463763,0.718267001,4,0.57852447,37,0.770572385,39,"present",17,56.41025641,"June",157,0,0,2,8,5,0,22,0,0,0,2008296.3267949,211296.814894151,644482.57104479,855779.385938941,514510.020902099,232302.297112999,171561.51528983,34108.6718519106,0.129042715941632,0.180420612048625,0.309463327990257,0.0530363187394645,0.0395714384084122,0.0106582400652268
"89","2013_33",2013,444,164.9,4000,0.000681762,0.43501581,0.435697572,0.255572501,0.001721041,0.034982238,0.001549449,13,0.703878992,0.56091075,3,0.606508876,26,0.911572052,34,"present",25,26.47058824,"May",134,0,0,0,13,4,0,9,0,0,0,2008296.3267949,1369.18012034834,873640.653320707,875009.833441055,513265.314988085,3456.36031856342,70254.7000784648,3111.75273525603,0.329892877724183,0.00109298751909937,0.330985865243282,0.00284816750544768,0.0181841175034253,0.00284603134605224
"90","2013_34",2013,368.55,96.1,4000,0.524727278,0.193344756,0.718072034,0,0,0.001650173,0,6,0.617516855,0.611752741,3,0.491083676,27,0.709365076,33,"present",16,51.51515152,"May",143,0,0,0,9,1,0,17,0,0,0,2008296.3267949,1053807.86497648,388293.563279856,1442101.42825634,0,0,3314.03637447611,0,0.229902909628969,0.270395381328576,0.500298290957545,0,0.00210104710929608,0
"91","2013_35",2013,615.45,84.7,4000,0,0.43257855,0.43257855,0.487222842,0.001212432,0.00132172,0.000863728,11,0.571828351,0.412111185,5,0.523109655,189,0.593321322,211,"present",156,26.06635071,"May",151,5,0,6,118,5,0,55,0,0,0,2008296.3267949,0,868745.913015262,868745.913015262,978487.84391917,2434.92273208859,2654.40542105135,1734.6217697499,0.361649631028651,0,0.361649631028651,0.000548210535461386,0.000958921554879137,0.0002732696980843
"92","2013_36",2013,545.4,124,4000,0.003221226,0.111508907,0.114730133,0.44171755,0.105004882,0.048753586,0.03910045,14,0.73453501,0.629975127,5,0.676111111,60,0.792337893,65,"present",51,21.53846154,"May",150,28,0,0,13,4,0,14,1,0,0,2008296.3267949,6469.17634357622,223942.928333014,230412.10467659,887099.733145841,210880.918816132,97911.6476818791,78525.2901110275,0.121023514884333,0.000690017707758069,0.121713532592091,0.0320233771964773,0.0352071509028679,0.0413850206354639
"93","2013_38",2013,506.35,88.1,4000,0,0.202258425,0.202258425,0.287564461,0,0.000883262,0,6,0.63237264,0.61813336,4,0.597142857,70,0.729808468,76,"present",44,42.10526316,"June",154,0,0,0,30,7,0,32,1,0,0,2008296.3267949,0,406194.851990821,406194.851990821,577514.650743054,0,1773.85183019751,0,0.146396663403347,0.000650163167209913,0.14704682811259,0.000394896681637291,0.00329677320787195,0
"94","2013_39",2013,486.7,82.3,4000,0,0.121336863,0.121336863,0.500219059,0.001080495,0.006959815,0.002328826,11,0.6613286,0.561424717,5,0.6584,50,0.775470947,52,"present",28,46.15384615,"May",150,6,0,1,15,4,0,24,0,0,0,2008296.3267949,0,243680.376267716,243680.376267716,1004588.0987825,2169.95413962025,13977.370899672,4676.97270154445,0.101472396941368,0.00714150931347251,0.10861390625484,0.0199621659615353,0.0063312798318208,0.00260962767427177
"95","2013_51",2013,442.55,126.3,4000,0,0.436720507,0.436720507,0.543954379,0,0,0.000940859,6,0.513230142,0.439975145,4,0.553333333,30,0.669665381,37,"present",21,43.24324324,"May",133,0,0,1,12,1,0,16,0,0,0,2008296.3267949,0,877064.190044105,877064.190044105,1092421.5812897,0,0,1889.52367373192,0.351198111528246,0.00723656138354365,0.35843467291179,0,0,0.00215500350783048
"96","2013_53",2013,484.85,212.6,4000,0.065375299,0.281843478,0.347218777,0.000848632,0.063085473,0.007258771,0.528578166,16,0.72770354,0.576955784,4,0.578449905,69,0.745185724,81,"present",42,48.14814815,"June",158,0,3,0,21,6,0,39,0,0,0,2008296.3267949,131292.972844818,566025.221598498,697318.194443316,1704.30452840061,126694.323700019,14577.7631363453,1061541.58920178,0.283417871669976,0.114443775903051,0.397861647573027,0.0460100633963369,0.00424395089635099,0.222200080329291
"97","2013_54",2013,583.05,94.3,4000,0.017484525,0.415596707,0.433081232,0.468558983,0,0,0,5,0.599371184,0.651847297,4,0.59073724,46,0.741479208,46,"present",23,50,"May",134,0,0,0,18,2,0,23,3,0,0,2008296.3267949,35114.1073332535,834641.340096155,869755.447429408,941005.284445652,0,0,0,0.323052060234439,0.00953229742603258,0.332584357660472,0,0.000133997190636091,0
"98","2013_55",2013,692.6,97.5,4000,0.02254405,0.19712076,0.21966481,0.00691248,0.024767516,0.000421122,0,7,0.414242648,0.412659831,4,0.529135802,90,0.673806358,97,"present",41,57.73195876,"June",161,2,0,0,25,7,0,56,0,0,0,2008296.3267949,45275.1328060805,395876.898243018,441152.031049099,13882.3081930432,49740.5114066338,845.73776573252,0,0.210939658551112,0.0362726201153914,0.247212278666503,0.0230045677058191,0.00062194145402815,0
"99","2013_56",2013,651,109.1,4000,0,0.339277481,0.339277481,0.469608208,0.000701268,0.094101571,0.000864948,7,0.648002552,0.621825526,4,0.689904934,47,0.911692042,49,"present",29,40.81632653,"May",151,0,0,8,14,5,0,20,0,0,0,2008296.3267949,0,681369.718856525,681369.718856525,943112.439159134,1408.3539484988,188983.839384929,1737.07189126859,0.333148853444397,0.000335020007573338,0.333483873451971,0.000985238769925651,0.0295492659619288,0.00133009599078181
"100","2013_57",2013,602.35,46.7,4000,0.152519422,0.228662825,0.381182247,0.489691087,0,0,0,6,0.675493947,0.747625443,5,0.602721628,87,0.697504823,95,"present",92,3.157894737,"May",143,14,0,0,20,1,0,3,49,0,0,2008296.3267949,306304.194967481,459222.711522044,765526.906489525,983444.8112863,0,0,0,0.206260468408746,0.046639608099697,0.252900076508443,0,0,0
"101","2013_58",2013,484.85,92.5,4000,0.043910101,0.7120068,0.755916901,0.054174359,0.151672141,0.002493445,0.006828273,12,0.469627199,0.427678262,3,0.5752,50,0.853529266,56,"present",37,33.92857143,"June",154,0,0,0,26,5,0,19,0,0,0,2008296.3267949,88184.4945474929,1429920.64109299,1518105.13564048,108798.166186168,304602.603647418,5007.5764345651,13713.1955842528,0.571510241217172,0.0106542592375006,0.582164500454673,0.0850173814792726,0.000398490290717614,0.00109126148476074
"102","2013_59",2013,529.25,193.3,4000,0.198028983,0.508980501,0.707009484,0,0.008198581,0.016544866,0.250150301,13,0.645593577,0.498070124,3,0.417355372,44,0.645011882,47,"present",37,21.27659574,"June",161,0,0,0,32,2,0,10,0,0,0,2008296.3267949,397700.879157829,1022183.67056853,1419884.54972636,0,16465.1801072304,33226.9936151138,502375.930644938,0.301833505501423,0.180777404124169,0.482610909625591,0.00371627323055689,0.0189326637225715,0.173537176293092
"103","2013_60",2013,542.7,96.4,4000,0,0.344600559,0.344600559,0.514196029,0,0.000814976,0,6,0.607699184,0.617979541,6,0.171279891,373,0.233724081,409,"present",397,2.93398533,"June",154,0,1,1,339,6,0,12,14,0,0,2008296.3267949,0,692060.036851168,692060.036851168,1032657.99629322,0,1636.713307226,0,0.245943776900088,0,0.245943776900088,0,0.000392665222021676,0
"104","2013_61",2013,389.55,186.9,4000,0.069969821,0.338187392,0.408157213,0.208464956,0.269024387,0.006235116,0.082892866,13,0.810475891,0.763276276,3,0.631111111,15,0.94978047,16,"present",9,43.75,"June",157,0,0,0,5,3,0,7,0,0,0,2008296.3267949,140520.134500796,679180.497121946,819700.631622742,418659.40540026,540280.688230349,12521.9605599401,166473.438305302,0.254602439734383,0.144107906006097,0.39871034574048,0.136168748356749,0.0501270264930164,0.0256127347995534
"105","2013_62",2013,741.55,55.8,4000,0.112624966,0.007434378,0.120059344,0,0.016827569,0.216535212,0.442949702,19,0.821239728,0.681513837,1,0,3,0,3,"absent",3,0,"June",157,0,0,0,3,0,0,0,0,0,0,2008296.3267949,226184.3055232,14930.4340294048,241114.739552605,0,33794.7450115877,434866.870881354,889574.259481494,0.00276091256848242,0.1651379593478,0.167898871916283,0.00588072185980562,0.135453589469737,0.311546158239766
"106","2013_63",2013,544.8,214.2,4000,0,0.107610046,0.107610046,0.025208029,0.006983139,0.223865462,0.382231953,15,0.860683913,0.783547766,3,0.574506939,74,0.882750844,88,"present",45,48.86363636,"June",157,0,0,0,15,16,0,43,0,0,0,2008296.3267949,0,216112.86010803,216112.86010803,50625.1920464392,14024.2124031982,449588.185030842,767635.02719354,0.133243346946025,0.000137999133300767,0.133381346079326,0.0107641803057315,0.116245883861471,0.189208597277395
"107","2013_64",2013,541.5,200.1,4000,0.201466633,0.314661517,0.51612815,0,0.045516618,0.082881433,0.303669234,12,0.818868961,0.773411397,3,0.441893424,84,0.701342631,90,"present",30,66.66666667,"June",162,0,0,0,17,7,0,60,0,0,0,2008296.3267949,404604.699025635,631933.56877481,1036538.26780045,0,91410.8567375265,166450.477453397,609857.80720282,0.224464330252657,0.218322831055945,0.442787161308602,0.0166545884244468,0.0452305759525849,0.144718955503524
"108","2013_65",2013,561.45,214.2,4000,0,0.107610046,0.107610046,0.025208029,0.006983139,0.223865462,0.382231953,15,0.860683913,0.783547766,4,0.616734694,70,0.799050965,80,"present",43,46.25,"June",158,0,3,0,20,10,0,37,0,0,0,2008296.3267949,0,216112.86010803,216112.86010803,50625.1920464392,14024.2124031982,449588.185030842,767635.02719354,0.133243346946025,0.000137999133300767,0.133381346079326,0.0107641803057315,0.116245883861471,0.189208597277395
"109","2014_1",2014,693.55,235.3,4000,0.367618899,0.338973272,0.706592171,0.028659625,0.023611824,0.017830444,0.203443535,11,0.710204652,0.606920749,2,0.033048514,119,0.123025913,136,"present",134,1.470588235,"June",160,0,0,0,117,0,0,2,0,0,0,2008296.3267949,738287.684522084,680758.777039247,1419046.46156133,57557.0196148192,47419.5394081276,35808.8151903221,408574.904050669,0.181842913105372,0.288768912660628,0.470611825766001,0.00846895041251393,0.0152554463323319,0.111379372177347
"110","2014_13",2014,474.2,230.2,4000,0.000569664,0.464963428,0.465533092,0.057408421,0.018631898,0.008025682,0.403045147,14,0.643539049,0.50343501,2,0.444444444,3,0.917634066,3,"present",2,33.33333333,"May",135,0,0,0,2,0,0,1,0,0,0,2008296.3267949,1144.05411870729,933784.344546363,934928.398665071,115293.121021395,37418.3723146172,16117.9476806239,809434.088252609,0.341832738211622,0.00190409368101296,0.343736831892635,0.00851256409031138,0.0124691978328531,0.260759884112906
"111","2014_15",2014,579.65,315.3,4000,0.070916435,0.206342095,0.27725853,0.001693551,0.039173724,0.053194088,0.359810521,15,0.81113118,0.721748604,1,0,19,0,19,"absent",19,0,"June",160,0,0,0,19,0,0,0,0,0,0,2008296.3267949,142421.215919889,414396.071451664,556817.287371553,3401.15225253982,78672.4460160771,106829.491537604,722606.147666458,0.198450189773024,0.142181573157632,0.340631762930656,0.0230039994450117,0.0156759053941112,0.228973802672991
"112","2014_16",2014,573.75,286,4000,0.199105112,0.285517167,0.484622279,0.001669174,0.314068059,0.004836872,0.12120993,16,0.779568453,0.645810614,1,0,23,0,23,"absent",23,0,"June",163,0,0,0,23,0,0,0,0,0,0,2008296.3267949,399862.065075686,573403.077722985,973265.142798671,3352.19601298154,630741.729253303,9713.87227077708,243425.457190067,0.158671664188457,0.150332931664433,0.30900459585289,0.3039693296771,0.00521705155625798,0.0379144946925132
"113","2014_19",2014,498.3,188.4,4000,0.193159187,0.132636564,0.325795751,0.203736133,0.011320295,0.26525205,0.000853884,10,0.817447026,0.793849948,4,0.564613742,53,0.68228677,57,"present",30,47.36842105,"May",149,0,0,0,22,3,0,27,1,0,0,2008296.3267949,387920.885738789,266373.524279896,654294.410018685,409162.527539297,22734.5068667346,532704.717689816,1714.85210070893,0.145937039214042,0.113323280123803,0.259260319337845,0.0165192973578339,0.172422729545409,0.00027253134953122
"114","2014_28",2014,736.2,121.8,4000,0,0.603828971,0.603828971,0.392921014,0,0,0,3,0.480993088,0.628125426,1,0,20,0,25,"absent",25,0,"June",162,0,0,0,20,0,0,0,0,0,0,2008296.3267949,0,1212667.50447164,1212667.50447164,789101.829136726,0,0,0,0.327042442466043,0.0007325006380683,0.327774942162298,0.000289738164778979,0,0
"115","2014_32",2014,507.1,183.5,4000,0.000862725,0.301735636,0.302598361,0.568307224,0.000862735,0,0.112596754,10,0.574910555,0.455798671,3,0.625,4,0.946107617,4,"present",2,50,"May",135,0,0,0,1,1,0,2,0,0,0,2008296.3267949,1732.60744853413,605974.569441922,607707.176890456,1141329.3104502,1732.6275314974,0,226127.647467229,0.164522025085739,0.000693199313269343,0.165215224399008,0.000410081348195421,0.000271736595193162,0.136335845982363
"116","2014_33",2014,554.15,123.8,4000,0.124236316,0.003115248,0.127351564,0.662348969,0,0,0,5,0.503589217,0.559548751,5,0.401920439,54,0.510247466,57,"present",52,8.771929825,"May",148,41,0,0,6,1,0,5,1,0,0,2008296.3267949,249503.33707733,6256.34111545515,255759.678192785,1330193.00149909,0,0,0,0.00297541969171085,0.105041273832142,0.108016693523853,0,0,0
"117","2014_34",2014,384.55,206.3,4000,0.527479314,0.359732733,0.887212047,0,0,0,0,5,0.58126193,0.610763186,3,0.5088,50,0.730741249,56,"present",26,53.57142857,"May",147,0,0,0,18,2,0,30,0,0,0,2008296.3267949,1059334.76876649,722449.926311789,1781784.69507828,0,0,0,0,0.232119640161948,0.349441743520049,0.581561383681997,0,0.000862101942952292,0
"118","2014_35",2014,547.2,327.1,4000,0.26557019,0.290613282,0.556183472,0,0.066245641,0.004074985,0.310133674,13,0.762471377,0.651586589,3,0.582206035,62,0.858485689,62,"present",33,46.77419355,"June",163,0,0,0,27,6,0,29,0,0,0,2008296.3267949,533343.637083223,583637.586758409,1116981.22384163,0,133040.877486473,8183.7774072443,622840.318309606,0.183763353740465,0.172568021005099,0.356331374745563,0.0476407452019228,0.00868610436422556,0.227150035616183
"119","2014_39",2014,693.95,215.1,4000,0.04508389,0.314262857,0.359346747,0.263274372,0.001303633,0.295396031,0.010726948,9,0.738297536,0.673640169,3,0.131963223,86,0.270663943,99,"present",95,4.04040404,"June",163,0,0,0,80,2,0,4,0,0,0,2008296.3267949,90541.8106846252,631132.94136117,721674.752045795,528732.954226833,2618.08136538861,593242.764007091,21542.8902661199,0.350667750642975,0.0982734708679107,0.448941221510885,0.000268286259610598,0.132046540508659,0.00465342579939299
"120","2014_4",2014,736.05,234.1,4000,0.115532456,0.520359114,0.63589157,0.050661056,0.006415024,0.162668807,0.108346484,13,0.676467122,0.588775484,4,0.098619329,117,0.177970093,131,"present",127,3.053435115,"June",160,0,0,0,111,1,0,4,1,0,0,2008296.3267949,232023.407010393,1045035.29726045,1277058.70427084,101742.412676351,12883.2691355011,326687.167582208,217591.845838342,0.371987610305648,0.132619309719577,0.504606920025225,0.0155886416887677,0.0305671334422735,0.0180061508950295
"121","2014_41",2014,593.85,326.9,4000,0.198391239,0.367917791,0.56630903,0.189448502,0.058560825,0.087501935,0.014096917,14,0.776380577,0.675280557,2,0.277777778,30,0.649553985,44,"present",39,11.36363636,"June",176,0,0,0,25,0,0,5,0,0,0,2008296.3267949,398428.396551988,738887.948227792,1137316.34477978,380468.730683396,117607.489741579,175729.814647946,28310.7866302325,0.285002915499841,0.0854802686698225,0.370483184169664,0.0210722961948945,0.0401328434601082,0.11063691834775
"122","2014_43",2014,510.7,264,4000,0.00258271,0.301186045,0.303768755,0.391203257,0.004137565,0.044957276,0.024518223,14,0.721248299,0.575923119,3,0.541666667,12,0.807769104,12,"present",8,33.33333333,"May",135,0,0,0,7,1,0,4,0,0,0,2008296.3267949,5186.84700617645,604870.827855382,610057.674861559,785652.0640633,8309.45659137513,90287.5322535044,49239.8571904381,0.229916508501514,0.00124459183449502,0.231161100336009,0.00190131769220861,0.0270552338118733,0.128606653607593
"123","2014_44",2014,384.55,206.3,4000,0.372315942,0.339917922,0.712233864,0,0,0.012437688,0,6,0.675408128,0.667182561,2,0.48,10,0.970250881,10,"absent",10,0,"May",147,0,0,0,6,4,0,0,0,0,0,2008296.3267949,747720.738725782,682655.914164354,1430376.65289014,0,0,24978.563124221,0,0.111953973940057,0.360053227185396,0.472007201125453,0,0.00809615332722564,0.000410165277640314
"124","2014_45",2014,622.25,148.2,4000,0,0.501899875,0.501899875,0.430120011,0,0.000863727,0.008004944,10,0.560892949,0.420081795,3,0.475308642,36,0.715869159,44,"present",34,22.72727273,"May",147,0,0,0,24,2,0,10,0,0,0,2008296.3267949,0,1007963.67538132,1007963.67538132,863808.438172281,0,1734.61976145358,16076.2996313988,0.31338524347205,0.000139806753665201,0.313525050225715,0.000410668857206792,0.000275644588471461,0.00196497487124726
"125","2014_47",2014,609.25,227.9,4000,0.001580129,0.305481233,0.307061362,0.333343288,0.099900505,0.071035834,0.008306982,13,0.757353729,0.635522731,5,0.429557167,107,0.542307784,111,"present",102,8.108108108,"May",148,79,0,0,14,2,0,9,3,0,0,2008296.3267949,3173.36726656209,613496.838138676,616670.205405238,669452.100852133,200629.817236455,142661.004493012,16682.8814373513,0.216501236671486,0.000771898078566968,0.217273134750053,0.073386961537528,0.0389145580035141,0.00299516430278348
"126","2014_48",2014,670.15,118.7,4000,0.022015363,0.260083803,0.282099166,0.21769482,0.001658169,0.000829298,0,11,0.652728165,0.504982453,1,0,25,0,25,"absent",25,0,"June",162,0,0,0,25,0,0,0,0,0,0,2008296.3267949,44213.3726459563,522325.346223747,566538.718869704,437195.707368276,3330.09471190517,1665.47612721835,0,0.185117862357227,0.00792819734989197,0.193046059707119,0.000395959864795711,0.00119216705058555,0
"127","2014_49",2014,570.65,303,4000,0.240547146,0.569935367,0.810482513,0,0.012021693,0.007417855,0.12965334,13,0.600629899,0.475514026,2,0.110726644,51,0.322524365,55,"present",52,5.454545455,"June",160,0,0,0,48,0,0,3,0,0,0,2008296.3267949,483089.949732796,1144599.1040566,1627689.0537894,0,24143.1218937559,14897.2509491972,260382.32647869,0.240362321677286,0.117166425115362,0.357528746792648,0.0830584768750663,0.00487526175120455,0.226424262698408
"128","2014_51",2014,606.9,164.3,4000,0.000778566,0.458498645,0.459277211,0.429978325,0,0,0,5,0.596255587,0.63489243,2,0.128418549,58,0.36179034,67,"present",63,5.970149254,"May",134,0,0,0,54,0,0,4,0,0,0,2008296.3267949,1563.5912379674,920801.144593937,922364.735831905,863523.890698922,0,0,0,0.316456854231093,0.000136399267374644,0.316593251688653,0,0,0
"129","2014_53",2014,609.8,167.4,4000,0.001577916,0.098387575,0.099965491,0.155462592,0,0,0,6,0.428725223,0.453404859,5,0.738946559,51,0.886365584,55,"present",40,27.27272727,"May",148,16,0,0,13,5,0,15,2,0,0,2008296.3267949,3168.9229067909,197591.405474757,200760.328381548,312214.952467614,0,0,0,0.0953188414875396,0.00194462420138906,0.0972634657276391,0,0,0
"130","2014_55",2014,652.5,206.4,4000,0,0.474283192,0.474283192,0.333163663,0.001725496,0.083582459,0.004218271,8,0.648146247,0.590688521,2,0.18,20,0.468657613,22,"present",20,9.090909091,"May",147,0,0,0,18,0,0,2,0,0,0,2008296.3267949,0,952501.192354159,952501.192354159,669091.360624433,3465.30727869929,167858.345394185,8471.53815472543,0.289652367306605,0,0.289652367306605,0.00047550882086588,0.0257263020587164,0.000827173958435586
"131","2014_56",2014,510.4,82.5,4000,0.00822996,0.424840425,0.433070385,0.435170927,0,0,0,6,0.62056853,0.634267048,3,0.130532544,130,0.262357484,141,"present",134,4.964539007,"May",134,0,0,0,121,2,0,7,0,0,0,2008296.3267949,16528.1984376689,853205.465001483,869733.663439152,873952.17422203,0,0,0,0.373350435288203,0.0110807766398154,0.384431211928019,0,0,0
"132","2014_57",2014,606.85,135,4000,0.059559078,0.061462024,0.121021102,0.846763327,0.003537275,0.000831851,0,9,0.275250248,0.286794686,2,0.375,12,0.810693479,13,"absent",13,0,"June",162,0,0,0,9,0,0,0,3,0,0,2008296.3267949,119612.277574691,123433.95703658,243046.234611271,1700551.67927873,7103.89638936342,1670.60330774066,0,0.013841637966981,0.0118453548615326,0.0256869928285136,0.000659914613631933,0.000132942393685739,0
"133","2014_59",2014,711.35,131.4,4000,0.001654698,0.297784146,0.299438844,0.405804825,0,0,0,6,0.697079184,0.726698474,2,0.334251607,33,0.744980587,38,"absent",38,0,"June",162,0,0,0,26,0,0,0,7,0,0,2008296.3267949,3323.12391535486,598038.806589555,601361.93050491,814976.339443146,0,0,0,0.221668077043808,0.00184584916656479,0.223513926210372,0.000129644703141899,0.00026122096013576,0
"134","2014_6",2014,641.1,102.6,4000,0,0.454645383,0.454645383,0.315087587,0,0,0,4,0.648556839,0.809976516,3,0.578512397,11,0.850606187,11,"present",6,45.45454545,"May",142,0,0,0,5,1,0,5,0,0,0,2008296.3267949,0,913062.652673159,913062.652673159,632789.243590767,0,0,0,0.274542087523625,0.000537038009650058,0.275079125455854,0,0,0
"135","2014_60",2014,596.85,302.9,4000,0.168582074,0.532429738,0.701011812,0.058073976,0.150795931,0.00368911,0.065652172,10,0.66108806,0.616390985,2,0.124444444,15,0.353104687,15,"present",14,6.666666667,"June",176,0,0,0,14,0,0,1,0,0,0,2008296.3267949,338562.759977665,1069276.68710177,1407839.44707943,116629.752683175,302842.914322917,7408.82606214232,131849.015873707,0.194863753342556,0.199648498624547,0.394512251967103,0.09467689058849,0.0398158422191306,0.0288080767689067
"136","2014_62",2014,549.35,68.9,4000,0,0,0,0.001092165,0.00251684,0.006099623,0.427160746,17,0.801483612,0.638144964,0,1,0,0,0,"absent",0,0,"May",142,0,0,0,0,0,0,0,0,0,0,2008296.3267949,0,0,0,2193.39095775395,5054.56052713047,12249.8504657337,857865.357142768,0.000146162839321279,0,0.000146162839321279,0.00172948088047018,0.00855687841404046,0.37749361774025
"137","2014_63",2014,819.25,343.6,4000,0.066803083,0.558838681,0.625641764,0,0,0.251433965,0,7,0.613285306,0.630747829,3,0.074657914,208,0.171499276,236,"present",233,1.271186441,"June",176,0,0,0,200,5,0,3,0,0,0,2008296.3267949,134160.386207475,1122313.6703232,1256474.05653068,0,0,504953.908340977,0,0.387949221117484,0.0286377413276298,0.416586962445114,0.00219372728489788,0.127953326237204,0.0772613374649
"138","2014_66",2014,589.95,297.5,4000,0.243817457,0.31470627,0.558523727,0,0.006040119,0.007851035,0.378247319,11,0.750349224,0.646393089,4,0.427928582,83,0.552046163,95,"present",77,18.94736842,"June",160,0,0,1,60,4,0,18,0,0,0,2008296.3267949,489657.703301573,632023.446060323,1121681.1493619,0,12130.3488011041,15767.2047520382,759632.701367717,0.152964565249864,0.255388214944418,0.408352780194282,0.00291046221416265,0.00717313574016038,0.234943201235118
"139","2014_68",2014,680.35,320.9,4000,0.066803083,0.558838681,0.625641764,0,0,0.251433965,0,7,0.613285306,0.630747829,3,0.115702479,33,0.246273157,33,"present",32,3.03030303,"June",163,0,0,0,31,1,0,1,0,0,0,2008296.3267949,134160.386207475,1122313.6703232,1256474.05653068,0,0,504953.908340977,0,0.387949221117484,0.0286377413276298,0.416586962445114,0.00219372728489788,0.127953326237204,0.0772613374649
"140","2014_8",2014,592.95,163,4000,0,0,0,0.553686066,0,0,0,3,0.501166577,0.661625096,3,0.070743802,55,0.165081446,55,"present",54,1.818181818,"May",134,0,0,0,53,1,0,1,0,0,0,2008296.3267949,0,0,0,1111965.69254532,0,0,0,0,0,0,0,0,0
"141","2014_9",2014,544.65,278.7,4000,0.268032284,0.688192533,0.956224817,0.000845139,0,0.001281009,0.01870313,9,0.45394063,0.367597565,3,0.234345606,61,0.420686168,61,"present",55,9.836065574,"June",160,0,0,0,53,2,0,6,0,0,0,2008296.3267949,538288.251419647,1382094.53615158,1920382.78757122,1697.28954933111,0,2572.6456692912,37561.4272785674,0.445022619963767,0.184230303470148,0.629252923433914,0.00412760632581194,0.00389460670736994,0.0454893929390505
